alert_id,vehicle_id,module,start_ts,end_ts,duration_s,n_points,peak_composite,mean_composite,severity,severity_label,top_features_b64,date,row_hash
956ce7b4a44145d9,sim001,battery,2024-07-05T07:22:11+00:00,2024-07-05T07:48:51+00:00,1600,1409,0.750220971406238,0.5006715535033771,1,anomaly,W3siZmVhdHVyZSI6Imh2X2JhdHRlcnlfcGFja19jdXJyZW50IiwiY29udHJpYnV0aW9uIjowLjgxNDM2MjM5NDM3MzU5MTN9LHsiZmVhdHVyZSI6ImVuZXJneV9jb25zdW1wdGlvbl9wZXJfa21fd2hfcGVyX2ttX3Blcl9pbnJfcGVyX2ttIiwiY29udHJpYnV0aW9uIjowLjYxODA0NjEwNDkwNzk4OTV9LHsiZmVhdHVyZSI6ImJhdHRlcnlfdm9sdGFnZV9lY3VfN2VlIiwiY29udHJpYnV0aW9uIjowLjUwMDM4MjEwMDEyMTQzMTN9XQ==,2024-07-05,55946eee8a0573b42d51b2f06a7049600aceae5bf7d992612162c1ebe43ee184
a81c57582cfe4067,sim001,battery,2024-07-05T07:50:48+00:00,2024-07-05T07:50:48+00:00,0,1,0.4853907478407508,0.4853907478407508,1,anomaly,W3siZmVhdHVyZSI6ImJhdHRlcnlfdm9sdGFnZV9lY3VfN2VlIiwiY29udHJpYnV0aW9uIjowLjA2MTU3NTI3ODg5MjM2MzI1fSx7ImZlYXR1cmUiOiJmdWVsX2NvbnN1bXB0aW9uX2ttX3Blcl9sX29yX2xfcGVyXzEwMF9rbSIsImNvbnRyaWJ1dGlvbiI6MC4wNTAzMTc1NjI1NjE0MDk1MX0seyJmZWF0dXJlIjoiYm9vc3RfY29tbWFuZGVkX3Blcl9tZWFzdXJlZCIsImNvbnRyaWJ1dGlvbiI6MC4wNDAyMTI5NzM4NjcxNDM5NX1d,2024-07-05,ff4022f76cd1346489b0e657c7d6ae79919bbffba8eb79d0743457077b89450c
f7de643eeb7a405c,sim001,battery,2024-07-05T07:52:55+00:00,2024-07-05T07:54:51+00:00,116,74,0.5092871064786861,0.4929241629486659,1,anomaly,W3siZmVhdHVyZSI6ImJhdHRlcnlfdm9sdGFnZV9lY3VfN2VlIiwiY29udHJpYnV0aW9uIjowLjE0NzM2ODQ1NTMzNzI0NTR9LHsiZmVhdHVyZSI6ImFsdGVybmF0b3Jfdm9sdGFnZV9vdXRwdXQiLCJjb250cmlidXRpb24iOjAuMTQwMjU0MDM0MTI1MzU5MDh9LHsiZmVhdHVyZSI6InJlZ2VuZXJhdGl2ZV9lbmVyZ3lfcmVjb3ZlcmVkIiwiY29udHJpYnV0aW9uIjowLjA3MzY1NTgzOTc5MzkzODN9XQ==,2024-07-05,4d4086acf9e59bcae0891a30c455a915e9c5884244a108d96e6e05e08e1351de
1957d31f1867429d,sim001,battery,2024-07-05T07:58:02+00:00,2024-07-05T07:58:02+00:00,0,1,0.6411275466487082,0.6411275466487082,2,warning,W3siZmVhdHVyZSI6ImJhcm9tZXRlcl9hbmRyb2lkX2RldmljZV9tYiIsImNvbnRyaWJ1dGlvbiI6MC4yOTc0NzY0NTI5Mzk2NTg0fSx7ImZlYXR1cmUiOiJyZWdlbmVyYXRpdmVfZW5lcmd5X3JlY292ZXJlZCIsImNvbnRyaWJ1dGlvbiI6MC4yNzcyMTU2MTg3MzI1NDY5Nn0seyJmZWF0dXJlIjoiZGlzdGFuY2VfdG9fZW1wdHlfa20iLCJjb250cmlidXRpb24iOjAuMjM2OTE5MzAyOTI3NDQ1OTJ9XQ==,2024-07-05,0c1614b6a21b65e94bda6c66d3c680cadaa6a63a16cb29d2875416369acc6579
c6aa30a0df6d4d5b,sim001,battery,2024-07-05T08:01:06+00:00,2024-07-05T08:08:23+00:00,437,413,0.5194132288375416,0.5022112369505958,1,anomaly,W3siZmVhdHVyZSI6ImNvX2VtaXNzaW9uc19pbnN0YW50X3Blcl9hdmciLCJjb250cmlidXRpb24iOjAuMDY4MjI0MDgyNDI4MjM4NjN9LHsiZmVhdHVyZSI6ImNoYXJnaW5nX3Bvd2VyX2t3IiwiY29udHJpYnV0aW9uIjowLjA2Njg2MjExOTM0NjEwNTJ9LHsiZmVhdHVyZSI6ImVuZXJneV9jb25zdW1wdGlvbl9wZXJfa21fd2hfcGVyX2ttX3Blcl9pbnJfcGVyX2ttIiwiY29udHJpYnV0aW9uIjowLjA0NjM5OTA2MzA0MjIzMTk2fV0=,2024-07-05,e46b4125494b9d34cde8b92386984bd99f308904a41ae5e6a549b1a501a5412a
59d6413a844344f8,sim001,battery,2024-07-05T08:11:33+00:00,2024-07-05T08:11:33+00:00,0,1,0.484535572972878,0.484535572972878,1,anomaly,W3siZmVhdHVyZSI6ImJhdHRlcnlfdm9sdGFnZV9lY3VfN2VlIiwiY29udHJpYnV0aW9uIjowLjA2MTAxNDI1MjE5Mzg5MDc4fSx7ImZlYXR1cmUiOiJiYXR0ZXJ5X3RlbXBlcmF0dXJlX2NlbGwiLCJjb250cmlidXRpb24iOjAuMDQ3OTk4OTM4MDY3MjE1MjI0fSx7ImZlYXR1cmUiOiJiYXJvbWV0ZXJfYW5kcm9pZF9kZXZpY2VfbWIiLCJjb250cmlidXRpb24iOjAuMDQ2MDk0NTA4NzMyMTA1OH1d,2024-07-05,888d75c20ebdba1d19b5f927187ab3e9092e9a6759b503066ee328db0a264b40
6a45fa42c70a4147,sim001,battery,2024-07-05T08:14:31+00:00,2024-07-05T08:15:22+00:00,51,37,0.5159208835364327,0.5020575070276759,1,anomaly,W3siZmVhdHVyZSI6ImFsdGVybmF0b3Jfdm9sdGFnZV9vdXRwdXQiLCJjb250cmlidXRpb24iOjAuMTE1NTkwMDg2ODg0NDA1NzJ9LHsiZmVhdHVyZSI6ImJhcm9tZXRlcl9hbmRyb2lkX2RldmljZV9tYiIsImNvbnRyaWJ1dGlvbiI6MC4wODMxODIxMzE1NDI4NjMyNX0seyJmZWF0dXJlIjoiYXZlcmFnZV90cmlwX3NwZWVkX292ZXJhbGwiLCJjb250cmlidXRpb24iOjAuMDY2Mjc4ODY5NzQyNTkwMjN9XQ==,2024-07-05,ea9a5ba408ffdd3396a46b341bbe9051c57655b058923a6ee0420485f454e04d
916febb7cd92499e,sim001,battery,2024-07-05T08:36:48+00:00,2024-07-05T08:36:48+00:00,0,1,0.4845542380675517,0.4845542380675517,1,anomaly,W3siZmVhdHVyZSI6ImJhcm9tZXRlcl9hbmRyb2lkX2RldmljZV9tYiIsImNvbnRyaWJ1dGlvbiI6MC4wODE4NDIxMDI1NDg2MzE3NH0seyJmZWF0dXJlIjoiYWxjb2hvbF9mdWVsX3BlcmNlbnRhZ2UiLCJjb250cmlidXRpb24iOjAuMDc5Mjk5MTI1NTY4OTk4NzZ9LHsiZmVhdHVyZSI6ImJvb3N0X2NvbW1hbmRlZF9wZXJfbWVhc3VyZWQiLCJjb250cmlidXRpb24iOjAuMDYzMzc1ODU4NzQ5NjYyMjN9XQ==,2024-07-05,0c975f1abd23395423c92f68ecf9b33a8911b7bd2c7b0437cb46c9576c95a95a
50806d43ef4244d5,sim001,battery,2024-07-05T08:38:12+00:00,2024-07-05T09:11:59+00:00,2027,1555,0.5726337915168419,0.4974633638901581,1,anomaly,W3siZmVhdHVyZSI6ImF1eGlsaWFyeV8xMnZfYmF0dGVyeV9jdXJyZW50X2RyYXciLCJjb250cmlidXRpb24iOjAuMDM5NDkwMDg3OTgwOTU1ODh9LHsiZmVhdHVyZSI6ImJhdHRlcnlfdGVtcGVyYXR1cmVfY2VsbCIsImNvbnRyaWJ1dGlvbiI6MC4wMzE0MTc2Njg4OTM0MTQ0MX0seyJmZWF0dXJlIjoiYmF0dGVyeV92b2x0YWdlX2VjdV83ZWUiLCJjb250cmlidXRpb24iOjAuMDMwMjU4NzUyNTMxOTM5Nzd9XQ==,2024-07-05,96b19e875774d2414d39ee0b8ab81a09f517dd0ad0c1ff0e7b8f9b0d66b1c93c
b32271bb0b384a5b,sim001,battery,2024-07-05T09:13:10+00:00,2024-07-05T09:14:10+00:00,60,5,0.4886266544580837,0.4859949063678176,1,anomaly,W3siZmVhdHVyZSI6ImFsdGVybmF0b3Jfdm9sdGFnZV9vdXRwdXQiLCJjb250cmlidXRpb24iOjAuMDY0NjA2NjIxNTY4MTIyOTF9LHsiZmVhdHVyZSI6ImVuZ2luZV9jb29sYW50X3RlbXBlcmF0dXJlIiwiY29udHJpYnV0aW9uIjowLjA1MzkyNTYzMzQzMDQ4MDk2fSx7ImZlYXR1cmUiOiJhbGNvaG9sX2Z1ZWxfcGVyY2VudGFnZSIsImNvbnRyaWJ1dGlvbiI6MC4wMzI3NzczNTE4MzU3NTM4OH1d,2024-07-05,ac73334d657b72efb3cc752649cec246f6ed8dbf58b1bdf8255d263c594bb983
ddcb9ba5697b4c21,sim001,battery,2024-07-05T09:17:57+00:00,2024-07-05T09:19:48+00:00,111,24,0.5815456412810275,0.530872882868356,1,anomaly,W3siZmVhdHVyZSI6ImJhcm9tZXRlcl9hbmRyb2lkX2RldmljZV9tYiIsImNvbnRyaWJ1dGlvbiI6MC4xOTcwNjM2MTQzNDA0MjA5NH0seyJmZWF0dXJlIjoiaHZfYmF0dGVyeV9wYWNrX3ZvbHRhZ2UiLCJjb250cmlidXRpb24iOjAuMTUzOTAyMDYyNTg0MDk4NH0seyJmZWF0dXJlIjoiYm9vc3RfY29tbWFuZGVkX3Blcl9tZWFzdXJlZCIsImNvbnRyaWJ1dGlvbiI6MC4xMzIwMTc1NTI1MTIwMzI1fV0=,2024-07-05,67524cf92306f7482eed97a1bb1f9269bc715e3c967ba2c26a30ea60e3319aef
5599e70271b44f16,sim001,battery,2024-07-05T09:22:37+00:00,2024-07-05T09:26:10+00:00,213,44,0.6939537404049566,0.5116875466628411,1,anomaly,W3siZmVhdHVyZSI6ImF2ZXJhZ2VfdHJpcF9zcGVlZF93aGlsZV9tb3ZpbmciLCJjb250cmlidXRpb24iOjAuNDYzMjI1MDE4MTkyMTI0MX0seyJmZWF0dXJlIjoiYmF0dGVyeV9jdXJyZW50IiwiY29udHJpYnV0aW9uIjowLjMxMDU5NDkwMTkyMTA4MTF9LHsiZmVhdHVyZSI6ImFsdGVybmF0b3Jfdm9sdGFnZV9vdXRwdXQiLCJjb250cmlidXRpb24iOjAuMjg0NDE5MzM4MDU4MzA0fV0=,2024-07-05,78b7a91829e89984bec463bf75540b131c1d54f7521ffbc3ee9d4ea1ac611961
51d47311c4d240a0,sim001,battery,2024-07-05T09:39:34+00:00,2024-07-05T09:39:43+00:00,9,8,0.4904339476692569,0.4873580164093046,1,anomaly,W3siZmVhdHVyZSI6ImJhdHRlcnlfY3VycmVudCIsImNvbnRyaWJ1dGlvbiI6MC4wNTg4MjM3MjEzMzY4OTU5OX0seyJmZWF0dXJlIjoiYmFyb21ldGVyX2FuZHJvaWRfZGV2aWNlX21iIiwiY29udHJpYnV0aW9uIjowLjA0ODY0MzQ0ODc3MzU0ODQ4fSx7ImZlYXR1cmUiOiJiYXR0ZXJ5X3ZvbHRhZ2VfZWN1XzdlZSIsImNvbnRyaWJ1dGlvbiI6MC4wNDgxMDAxMTA1ODU0MTA4Nn1d,2024-07-05,35b37e76e94e3db16b9315b10b7a478f81edba2ebb75bcb0b5d0e47843cf5905
0d43c26033204915,sim001,battery,2024-07-05T09:44:02+00:00,2024-07-05T09:44:02+00:00,0,1,0.5964915385206169,0.5964915385206169,1,anomaly,W3siZmVhdHVyZSI6ImFsY29ob2xfZnVlbF9wZXJjZW50YWdlIiwiY29udHJpYnV0aW9uIjowLjQwMTQ4MDIxNjU1NTgwMDI0fSx7ImZlYXR1cmUiOiJlbmVyZ3lfY29uc3VtcHRpb25fcGVyX2ttX3doX3Blcl9rbV9wZXJfaW5yX3Blcl9rbSIsImNvbnRyaWJ1dGlvbiI6MC4zMDQyNzgxMzUyOTk2ODI2fSx7ImZlYXR1cmUiOiJhdmVyYWdlX3RyaXBfc3BlZWRfb3ZlcmFsbCIsImNvbnRyaWJ1dGlvbiI6MC4yODI3NjM1NzU1MzYwODY5fV0=,2024-07-05,6d39d2d9639679d5d98dbac8a91ead0f0a160342a1593903dd1a01a816631783
31c880f73e5a47f5,sim001,battery,2024-07-05T10:08:06+00:00,2024-07-05T10:08:06+00:00,0,1,0.4843068538876695,0.4843068538876695,1,anomaly,W3siZmVhdHVyZSI6ImJhdHRlcnlfdm9sdGFnZV9lY3VfN2VlIiwiY29udHJpYnV0aW9uIjowLjA4NTA4MTMzNTM0NjU4MTQ3fSx7ImZlYXR1cmUiOiJhdXhpbGlhcnlfMTJ2X2JhdHRlcnlfY3VycmVudF9kcmF3IiwiY29udHJpYnV0aW9uIjowLjA3NjM1MDEwOTY3NzkxODc4fSx7ImZlYXR1cmUiOiJhbGNvaG9sX2Z1ZWxfcGVyY2VudGFnZSIsImNvbnRyaWJ1dGlvbiI6MC4wNzE5NzIwNDQzMzMzNTg5MX1d,2024-07-05,e24096b56bbdd066e7fa810c3f3c44aaacf26d4c5d290535a9c57dcc84c4dda2
79d65c695c0a45d4,sim001,battery,2024-07-05T10:09:16+00:00,2024-07-05T10:09:16+00:00,0,1,0.4897144393145251,0.4897144393145251,1,anomaly,W3siZmVhdHVyZSI6Imh2X2JhdHRlcnlfcGFja192b2x0YWdlIiwiY29udHJpYnV0aW9uIjowLjA1NzQ2ODgxNjc1OTUzMzc1fSx7ImZlYXR1cmUiOiJiYXR0ZXJ5X2N1cnJlbnQiLCJjb250cmlidXRpb24iOjAuMDQwNTM5MTUwNjg0MjQ2NzR9LHsiZmVhdHVyZSI6ImFsdGVybmF0b3JfbG9hZF9wY3QiLCJjb250cmlidXRpb24iOjAuMDMzODUxNDE3NjI4MjAxNzZ9XQ==,2024-07-05,be7dcc41771a8028d04d81a8136962f6f2f95bdda19e334d40c7575e88f47155
b162ba336b224366,sim001,battery,2024-07-05T10:11:27+00:00,2024-07-05T10:12:05+00:00,38,6,0.4890424142692351,0.4870284774164291,1,anomaly,W3siZmVhdHVyZSI6ImJvb3N0X2NvbW1hbmRlZF9wZXJfbWVhc3VyZWQiLCJjb250cmlidXRpb24iOjAuMDg5NDYwODEyMjk2MTg1ODV9LHsiZmVhdHVyZSI6ImJhcm9tZXRlcl9hbmRyb2lkX2RldmljZV9tYiIsImNvbnRyaWJ1dGlvbiI6MC4wNTUyNDU5NzA5Nzg0NDA2NH0seyJmZWF0dXJlIjoiYmF0dGVyeV92b2x0YWdlX2VjdV83ZWUiLCJjb250cmlidXRpb24iOjAuMDUzMDA1NjI0NjI1NjUzNzI0fV0=,2024-07-05,880cd6c0f692405b251712c353ebcf954af2772e2b09664fddd2bc8e5fac222c
407b77efd8dd42b1,sim001,battery,2024-07-05T10:13:36+00:00,2024-07-05T10:16:34+00:00,178,105,0.5025858031274506,0.491585931893237,1,anomaly,W3siZmVhdHVyZSI6ImJhdHRlcnlfdm9sdGFnZV9lY3VfN2VlIiwiY29udHJpYnV0aW9uIjowLjA1MTQwNTcyMDc5MTU1MTd9LHsiZmVhdHVyZSI6ImF2ZXJhZ2VfdHJpcF9zcGVlZF9vdmVyYWxsIiwiY29udHJpYnV0aW9uIjowLjAzODgzNTgwOTIxNTg5MjI1fSx7ImZlYXR1cmUiOiJiYXJvbWV0ZXJfYW5kcm9pZF9kZXZpY2VfbWIiLCJjb250cmlidXRpb24iOjAuMDMyODI5MzE5NzI5NTA4NzU1fV0=,2024-07-05,9f4e4dd278c5edc906397474d68d0df99d4601e22fe2f2d978d91fc3927d55ae
226c282c9ca642d2,sim001,battery,2024-07-05T10:22:39+00:00,2024-07-05T10:22:39+00:00,0,1,0.4836812822064295,0.4836812822064295,1,anomaly,W3siZmVhdHVyZSI6ImZ1ZWxfY29uc3VtcHRpb25fa21fcGVyX2xfb3JfbF9wZXJfMTAwX2ttIiwiY29udHJpYnV0aW9uIjowLjA1MDQxMzYxNDYyODM2MTY5fSx7ImZlYXR1cmUiOiJlbmVyZ3lfY29uc3VtcHRpb25fcGVyX2ttX3doX3Blcl9rbV9wZXJfaW5yX3Blcl9rbSIsImNvbnRyaWJ1dGlvbiI6MC4wMzQyNzQ4NzYxMTc3MDYzfSx7ImZlYXR1cmUiOiJib29zdF9jb21tYW5kZWRfcGVyX21lYXN1cmVkIiwiY29udHJpYnV0aW9uIjowLjAzMjYyNjI2MDUxOTAyNzg0fV0=,2024-07-05,e0bc0eef6563e9c0875513703788c4b13173343d6163916ef0800f57333f65f4
7b36fc2743a24e7f,sim001,battery,2024-07-05T10:24:10+00:00,2024-07-05T10:24:10+00:00,0,1,0.4868841435450155,0.4868841435450155,1,anomaly,W3siZmVhdHVyZSI6ImJvb3N0X2NvbW1hbmRlZF9wZXJfbWVhc3VyZWQiLCJjb250cmlidXRpb24iOjAuMDUyMTM4ODUzMDczMTIwMjd9LHsiZmVhdHVyZSI6ImJhdHRlcnlfdGVtcGVyYXR1cmVfY2VsbCIsImNvbnRyaWJ1dGlvbiI6MC4wNDI2MTIzNjU2MDc1NDkyMn0seyJmZWF0dXJlIjoiZW5naW5lX2Nvb2xhbnRfdGVtcGVyYXR1cmUiLCJjb250cmlidXRpb24iOjAuMDM2ODIxODQyMTkzNjAzNTE2fV0=,2024-07-05,fe0880ce54aa39686fffe477006154935c7e6b017e80d6e4bba34458a5510387
eef9cabf6c464613,sim001,battery,2024-07-05T10:45:27+00:00,2024-07-05T10:47:24+00:00,117,99,0.4973232984164107,0.48930934545663307,1,anomaly,W3siZmVhdHVyZSI6ImNvX2VtaXNzaW9uc19pbnN0YW50X3Blcl9hdmciLCJjb250cmlidXRpb24iOjAuMDc1MjE5NTg1NDE1MDc1MjN9LHsiZmVhdHVyZSI6ImFsdGVybmF0b3Jfdm9sdGFnZV9vdXRwdXQiLCJjb250cmlidXRpb24iOjAuMDY0MTk4ODI4MzY0NzI5OX0seyJmZWF0dXJlIjoiaHZfYmF0dGVyeV9wYWNrX2N1cnJlbnQiLCJjb250cmlidXRpb24iOjAuMDYyMDc1ODUzMzQ3Nzc4MjY1fV0=,2024-07-05,ffcb2ace0f29bac37b63c090ce74b9d86e232bcb3e1c5f2018a6bad9d028e84d
6b0972cd88ea43f4,sim001,battery,2024-07-05T11:07:02+00:00,2024-07-05T11:07:12+00:00,10,4,0.4872745328265482,0.48594084194616183,1,anomaly,W3siZmVhdHVyZSI6ImFsY29ob2xfZnVlbF9wZXJjZW50YWdlIiwiY29udHJpYnV0aW9uIjowLjA2MjA5MzU1MzM2NzU2ODA1NX0seyJmZWF0dXJlIjoiYmF0dGVyeV9zdGF0ZV9vZl9jaGFyZ2Vfc29jX3BjdCIsImNvbnRyaWJ1dGlvbiI6MC4wNTQ2MjY0MzEzMTYxMzczMTR9LHsiZmVhdHVyZSI6ImNvX2VtaXNzaW9uc19pbnN0YW50X3Blcl9hdmciLCJjb250cmlidXRpb24iOjAuMDUxMzE5MTAxOTE3NDI2NjF9XQ==,2024-07-05,21356ca89ac4dcf3025c60a76310a2dae6832630f10157055208d73f1d993389
6f97356d25a44542,sim001,battery,2024-07-05T11:11:18+00:00,2024-07-05T11:11:18+00:00,0,1,0.5249407273666886,0.5249407273666886,1,anomaly,W3siZmVhdHVyZSI6Imh2X2JhdHRlcnlfcGFja19jdXJyZW50IiwiY29udHJpYnV0aW9uIjowLjMyODY2NTI0NDg3MDA2ODJ9LHsiZmVhdHVyZSI6ImF1eGlsaWFyeV8xMnZfYmF0dGVyeV9jdXJyZW50X2RyYXciLCJjb250cmlidXRpb24iOjAuMzEzODUzNDc2MjQ4OTk2ODR9LHsiZmVhdHVyZSI6ImVuZXJneV9jb25zdW1wdGlvbl9wZXJfa21fd2hfcGVyX2ttX3Blcl9pbnJfcGVyX2ttIiwiY29udHJpYnV0aW9uIjowLjMxMTg3MDY2NDM1ODEzOTA0fV0=,2024-07-05,452e2e730c432b595b474b6dcb2ee418fe80a86c6875c4c375db8a4e442a1dd4
bd70c70a183b4235,sim001,battery,2024-07-05T11:17:13+00:00,2024-07-05T11:19:10+00:00,117,118,0.5014203178969162,0.4928484235239243,1,anomaly,W3siZmVhdHVyZSI6ImFsdGVybmF0b3Jfdm9sdGFnZV9vdXRwdXQiLCJjb250cmlidXRpb24iOjAuMTM4MDAxMzY5OTE5NjM3MTh9LHsiZmVhdHVyZSI6ImZ1ZWxfY29uc3VtcHRpb25fa21fcGVyX2xfb3JfbF9wZXJfMTAwX2ttIiwiY29udHJpYnV0aW9uIjowLjA2NzkyMzU2MjY2Njk0ODc3fSx7ImZlYXR1cmUiOiJiYXR0ZXJ5X3ZvbHRhZ2VfZWN1XzdlZSIsImNvbnRyaWJ1dGlvbiI6MC4wNjQ5MDk2NzYzNzM5OTUxNH1d,2024-07-05,e07b5e76fbe8bcac5a123e99d55b2481a61510e37434f5c8ca0b1e26887d7f10
008350a064a14f38,sim001,battery,2024-07-05T11:30:01+00:00,2024-07-05T11:30:01+00:00,0,1,0.6102259834136129,0.6102259834136129,2,warning,W3siZmVhdHVyZSI6ImRpc3RhbmNlX3RvX2VtcHR5X2ttIiwiY29udHJpYnV0aW9uIjowLjM3ODM3ODQ4NTM1NzIxMzk3fSx7ImZlYXR1cmUiOiJiYXR0ZXJ5X3N0YXRlX29mX2NoYXJnZV9zb2NfcGN0IiwiY29udHJpYnV0aW9uIjowLjMxODU3NTM4MjIzMjY2Nn0seyJmZWF0dXJlIjoiYWx0ZXJuYXRvcl9sb2FkX3BjdCIsImNvbnRyaWJ1dGlvbiI6MC4yNTYwNTYwODU5MDYyNDU1N31d,2024-07-05,4ccd8902037cd63bb6ad004f019cc390279dfd5297ee573bfe962c1f54edcb8b
a78f65c757214c42,sim001,battery,2024-07-05T11:37:13+00:00,2024-07-05T11:37:28+00:00,15,2,0.4883253557785942,0.4860079458652061,1,anomaly,W3siZmVhdHVyZSI6Imh2X2JhdHRlcnlfcGFja19jdXJyZW50IiwiY29udHJpYnV0aW9uIjowLjA4NzkzOTE3MjI1NjI4MzYzfSx7ImZlYXR1cmUiOiJhbHRlcm5hdG9yX3ZvbHRhZ2Vfb3V0cHV0IiwiY29udHJpYnV0aW9uIjowLjA1NjI1NDY3NDQyOTYwMDA4fSx7ImZlYXR1cmUiOiJpbnRlcm5hbF9yZXNpc3RhbmNlX2ltcGVkYW5jZSIsImNvbnRyaWJ1dGlvbiI6MC4wNDUwNTQ5NjU1NDkwNDk1M31d,2024-07-05,66a9ac8313193109bbf3dae9e32961de8e57455acc3b1e31c68b7220f1fc015c
6b642414ada044fd,sim001,battery,2024-07-05T11:41:18+00:00,2024-07-05T11:42:20+00:00,62,6,0.4883811548664525,0.4860653829447192,1,anomaly,W3siZmVhdHVyZSI6ImNoYXJnaW5nX3Bvd2VyX2t3IiwiY29udHJpYnV0aW9uIjowLjExNzkzNDE5NDE4MjE0NzQ2fSx7ImZlYXR1cmUiOiJhbHRlcm5hdG9yX3ZvbHRhZ2Vfb3V0cHV0IiwiY29udHJpYnV0aW9uIjowLjA2MTc5NDM4Nzk0NzM5MTd9LHsiZmVhdHVyZSI6ImJhcm9tZXRlcl9hbmRyb2lkX2RldmljZV9tYiIsImNvbnRyaWJ1dGlvbiI6MC4wNjAxNjE1MTY5NDY5MjQ0OH1d,2024-07-05,425c910927048891e26fa6c42e9a2559615233606fadfc86ac00c045f5b9b2eb
62b2fb0091154eeb,sim001,battery,2024-07-05T11:44:26+00:00,2024-07-05T11:58:34+00:00,848,389,0.5090681062597688,0.4964064630393874,1,anomaly,W3siZmVhdHVyZSI6ImVuZXJneV9jb25zdW1wdGlvbl9wZXJfa21fd2hfcGVyX2ttX3Blcl9pbnJfcGVyX2ttIiwiY29udHJpYnV0aW9uIjowLjA2NDY1MTE5MTIzNDU4ODYyfSx7ImZlYXR1cmUiOiJiYXR0ZXJ5X3RlbXBlcmF0dXJlX2NlbGwiLCJjb250cmlidXRpb24iOjAuMDU2OTI4NDQ1NTUyOTM0NjR9LHsiZmVhdHVyZSI6ImFsY29ob2xfZnVlbF9wZXJjZW50YWdlIiwiY29udHJpYnV0aW9uIjowLjA1NjY4Mzc0NTQ4NjYwNTM3NX1d,2024-07-05,9887daa99b9380923a7a55a445aca95c1958d4388f053b47df64dfc473e6e31b
1cc207cb2507482b,sim001,battery,2024-07-05T12:00:00+00:00,2024-07-05T12:00:31+00:00,31,7,0.4889329846222615,0.48626163949501644,1,anomaly,W3siZmVhdHVyZSI6ImZ1ZWxfY29uc3VtcHRpb25fa21fcGVyX2xfb3JfbF9wZXJfMTAwX2ttIiwiY29udHJpYnV0aW9uIjowLjA1MDk3MTcwNzE3NTc1OTU1fSx7ImZlYXR1cmUiOiJodl9iYXR0ZXJ5X3BhY2tfY3VycmVudCIsImNvbnRyaWJ1dGlvbiI6MC4wNDYwNTgxODA4NTU1NDE3fSx7ImZlYXR1cmUiOiJjb19lbWlzc2lvbnNfaW5zdGFudF9wZXJfYXZnIiwiY29udHJpYnV0aW9uIjowLjA0NTM0NTgyNTk1NDA4MTY4fV0=,2024-07-05,1d98f40db7b2955e9264dd6bb33809f211fc5c3fe1ca762fcb8dc01272116c47
842fc340ac164b5c,sim001,battery,2024-07-05T12:01:37+00:00,2024-07-05T12:01:41+00:00,4,5,0.4902039543167839,0.4868777083080224,1,anomaly,W3siZmVhdHVyZSI6ImNvX2VtaXNzaW9uc19pbnN0YW50X3Blcl9hdmciLCJjb250cmlidXRpb24iOjAuMDc0Nzk4MDMzMzc3OTcwMzR9LHsiZmVhdHVyZSI6ImJhcm9tZXRlcl9hbmRyb2lkX2RldmljZV9tYiIsImNvbnRyaWJ1dGlvbiI6MC4wNjU5NzIxNjA3NjcwOTQ2NH0seyJmZWF0dXJlIjoiY2hhcmdpbmdfZWZmaWNpZW5jeV9wY3QiLCJjb250cmlidXRpb24iOjAuMDUyNjQ5NzgwNDYwMDI2NDR9XQ==,2024-07-05,ba27ee441ec2a11c3af0f58b9acee809bcf0b58a4719aba8aa572264df42c9e4
d11351f51b4d4661,sim001,battery,2024-07-05T12:05:41+00:00,2024-07-05T12:06:01+00:00,20,11,0.4968695020354001,0.48901691349954585,1,anomaly,W3siZmVhdHVyZSI6ImNvX2VtaXNzaW9uc19pbnN0YW50X3Blcl9hdmciLCJjb250cmlidXRpb24iOjAuMTQxNjg4MTQ3ODc4NDY1fSx7ImZlYXR1cmUiOiJjaGFyZ2luZ19wb3dlcl9rdyIsImNvbnRyaWJ1dGlvbiI6MC4wNzkxMTQzNTc0NjM0NTE1Mn0seyJmZWF0dXJlIjoiYWx0ZXJuYXRvcl92b2x0YWdlX291dHB1dCIsImNvbnRyaWJ1dGlvbiI6MC4wNTg3MzgyNzYzNjI0MTkxM31d,2024-07-05,f21d9c5541f8904773103f3f593370465250514a92f7b13a5bfc72340abb02b6
a107ce9c43d54cca,sim001,battery,2024-07-05T12:20:51+00:00,2024-07-05T12:22:47+00:00,116,99,0.5001191138992724,0.49050625788939994,1,anomaly,W3siZmVhdHVyZSI6ImJvb3N0X2NvbW1hbmRlZF9wZXJfbWVhc3VyZWQiLCJjb250cmlidXRpb24iOjAuMDYwOTgwNTQzNDA5MDc1MTA1fSx7ImZlYXR1cmUiOiJhbHRlcm5hdG9yX2xvYWRfcGN0IiwiY29udHJpYnV0aW9uIjowLjA1NTg2MjkwOTAxMzU3NTA0Nn0seyJmZWF0dXJlIjoiYWx0ZXJuYXRvcl92b2x0YWdlX291dHB1dCIsImNvbnRyaWJ1dGlvbiI6MC4wNDg0MzQ2NjIzMDg1NTMyfV0=,2024-07-05,edc9eb87af6edb4911256c9f01e991a4e5c0ff569d0982380d690790bf1c6b6e
0e98f8af22f947f9,sim001,battery,2024-07-05T12:32:10+00:00,2024-07-05T13:24:34+00:00,3144,2213,0.668367831957435,0.5086790619224291,1,anomaly,W3siZmVhdHVyZSI6ImF2ZXJhZ2VfdHJpcF9zcGVlZF93aGlsZV9tb3ZpbmciLCJjb250cmlidXRpb24iOjAuMzYxMzI0MjcwODgzODc4NTN9LHsiZmVhdHVyZSI6ImFsY29ob2xfZnVlbF9wZXJjZW50YWdlIiwiY29udHJpYnV0aW9uIjowLjI2NDY0ODU4NDg2NjA4NDV9LHsiZmVhdHVyZSI6Imh2X2JhdHRlcnlfcGFja19jdXJyZW50IiwiY29udHJpYnV0aW9uIjowLjI0NDc5NzIxODEzNjY2OTc3fV0=,2024-07-05,5118eca93c15f29ac0662563a7ec4b99aaabc52a3524edc032e2daa8e03cb719
d91ef51910bf4d12,sim001,battery,2024-07-05T13:25:45+00:00,2024-07-05T13:27:02+00:00,77,38,0.4956411435060195,0.48670700114900983,1,anomaly,W3siZmVhdHVyZSI6ImJhdHRlcnlfdm9sdGFnZV9lY3VfN2VlIiwiY29udHJpYnV0aW9uIjowLjEyNzA4ODIxNDM4MTI3NjkzfSx7ImZlYXR1cmUiOiJib29zdF9jb21tYW5kZWRfcGVyX21lYXN1cmVkIiwiY29udHJpYnV0aW9uIjowLjExNzM0MjQwMzk1NjgyMTcyfSx7ImZlYXR1cmUiOiJhbHRlcm5hdG9yX3ZvbHRhZ2Vfb3V0cHV0IiwiY29udHJpYnV0aW9uIjowLjA4NzU0OTY4MDQ1OTY4NzQ3fV0=,2024-07-05,e2a33e85f2111136e7b231cfe1fd77a44471e5094bcfe471777b2d97e3903b9d
fee2f91f46ad49fd,sim001,battery,2024-07-05T13:28:33+00:00,2024-07-05T13:28:56+00:00,23,22,0.4948322198839718,0.4890607581020612,1,anomaly,W3siZmVhdHVyZSI6ImFsdGVybmF0b3Jfdm9sdGFnZV9vdXRwdXQiLCJjb250cmlidXRpb24iOjAuMTI3NjA0NjIxNTA3NzA3NTJ9LHsiZmVhdHVyZSI6ImNoYXJnaW5nX3Bvd2VyX2t3IiwiY29udHJpYnV0aW9uIjowLjA4OTcyNzEwMzQ1OTczNX0seyJmZWF0dXJlIjoiYXV4aWxpYXJ5XzEydl9iYXR0ZXJ5X2N1cnJlbnRfZHJhdyIsImNvbnRyaWJ1dGlvbiI6MC4wODU0MTY4MzgzMTY4NDk3Nn1d,2024-07-05,6cd0bced943b69212499248492ee03e1e1ca5fd333897de1aca09803b2680e5d
60e8cdfa8c9546eb,sim001,battery,2024-07-05T13:29:58+00:00,2024-07-05T13:31:04+00:00,66,45,0.4981052185180443,0.4889986370067782,1,anomaly,W3siZmVhdHVyZSI6ImFsdGVybmF0b3Jfdm9sdGFnZV9vdXRwdXQiLCJjb250cmlidXRpb24iOjAuMDc3NjM0NzY2NDA0NTQ4N30seyJmZWF0dXJlIjoiY2hhcmdpbmdfZWZmaWNpZW5jeV9wY3QiLCJjb250cmlidXRpb24iOjAuMDU1MzgyMjg1NDI5MDgwNTI0fSx7ImZlYXR1cmUiOiJodl9iYXR0ZXJ5X3BhY2tfdm9sdGFnZSIsImNvbnRyaWJ1dGlvbiI6MC4wNDY5NDA4MTEzMDY1ODE2NzZ9XQ==,2024-07-05,465195a9267ceec123dacdd43cc2e188a345458a0c3310ad995b01c15a9a3823
a44d9e97cefb4fce,sim001,battery,2024-07-05T13:41:34+00:00,2024-07-05T13:41:35+00:00,1,2,0.4845544291124799,0.4842032416171042,1,anomaly,W3siZmVhdHVyZSI6ImludGVybmFsX3Jlc2lzdGFuY2VfaW1wZWRhbmNlIiwiY29udHJpYnV0aW9uIjowLjA5Nzk1OTYyNDM5NjQzODl9LHsiZmVhdHVyZSI6ImJvb3N0X2NvbW1hbmRlZF9wZXJfbWVhc3VyZWQiLCJjb250cmlidXRpb24iOjAuMDgxNjEzOTAxMDAyMDY2NDV9LHsiZmVhdHVyZSI6ImF1eGlsaWFyeV8xMnZfYmF0dGVyeV9jdXJyZW50X2RyYXciLCJjb250cmlidXRpb24iOjAuMDUwNTM1Njg3MjU4NTQ2MTh9XQ==,2024-07-05,af80c148756eb6a74afe1f98e61303c01baf437cc184fda0441f65f083f38fb5
ceb3fdcf93fe415b,sim001,battery,2024-07-05T13:46:36+00:00,2024-07-05T13:47:25+00:00,49,47,0.4988635012242594,0.4897705555139452,1,anomaly,W3siZmVhdHVyZSI6Imh2X2JhdHRlcnlfcGFja192b2x0YWdlIiwiY29udHJpYnV0aW9uIjowLjA1OTExODM3MzE2NDU0MDE2fSx7ImZlYXR1cmUiOiJmdWVsX2NvbnN1bXB0aW9uX2ttX3Blcl9sX29yX2xfcGVyXzEwMF9rbSIsImNvbnRyaWJ1dGlvbiI6MC4wNTkwODQyNzY4MjU3NzM3NzR9LHsiZmVhdHVyZSI6ImJvb3N0X2NvbW1hbmRlZF9wZXJfbWVhc3VyZWQiLCJjb250cmlidXRpb24iOjAuMDUwNTkxNTgyNTcwNzU3MDJ9XQ==,2024-07-05,0b05e8901448ee147733bcbf4d0c11b90c0e9039593ca6b7f33afa9221a842b1
d0490a5354f44c5e,sim001,battery,2024-07-05T14:01:00+00:00,2024-07-05T14:01:34+00:00,34,22,0.5304410236294765,0.5099141433725385,1,anomaly,W3siZmVhdHVyZSI6ImJhcm9tZXRlcl9hbmRyb2lkX2RldmljZV9tYiIsImNvbnRyaWJ1dGlvbiI6MC40NjQ3MDQ2MDQ3MDk4MjJ9LHsiZmVhdHVyZSI6ImJhdHRlcnlfdGVtcGVyYXR1cmVfY2VsbCIsImNvbnRyaWJ1dGlvbiI6MC40MTQ0Mjg5MTIzNjAwNzkwNn0seyJmZWF0dXJlIjoiYWxjb2hvbF9mdWVsX3BlcmNlbnRhZ2UiLCJjb250cmlidXRpb24iOjAuMzA0NTU1MzQ2MjYzNjk4ODV9XQ==,2024-07-05,489f3a0e2de93a0d6bdeafb00dba1ad7ef7f9e6c0141c39c10bb2e77edb002e3
85aaecf3aec844cd,sim001,battery,2024-07-05T14:04:29+00:00,2024-07-05T14:04:47+00:00,18,2,0.4899817193368282,0.4885469776776349,1,anomaly,W3siZmVhdHVyZSI6ImNvX2VtaXNzaW9uc19pbnN0YW50X3Blcl9hdmciLCJjb250cmlidXRpb24iOjAuMTQ0NjcyMDM3MDc3NDk0NX0seyJmZWF0dXJlIjoiYmF0dGVyeV92b2x0YWdlX2VjdV83ZWUiLCJjb250cmlidXRpb24iOjAuMTA2NTYzMjU0OTM4Mjk0NTV9LHsiZmVhdHVyZSI6ImJhcm9tZXRlcl9hbmRyb2lkX2RldmljZV9tYiIsImNvbnRyaWJ1dGlvbiI6MC4xMDA0MjQ2MTkyODE5NjU1NX1d,2024-07-05,8e0ce79cc9b516a65376ecae9f4f98293cb67860d9e81297e188c32ffd7acf3f
66f0b58139eb4605,sim001,battery,2024-07-05T14:06:48+00:00,2024-07-05T14:07:34+00:00,46,3,0.4924713171196149,0.49021784723265593,1,anomaly,W3siZmVhdHVyZSI6ImJhcm9tZXRlcl9hbmRyb2lkX2RldmljZV9tYiIsImNvbnRyaWJ1dGlvbiI6MC4yNTc1ODE4MDE5NzU0NDd9LHsiZmVhdHVyZSI6Imh2X2JhdHRlcnlfcGFja19jdXJyZW50IiwiY29udHJpYnV0aW9uIjowLjE0NDgzOTQwNjc0MDM3NDY4fSx7ImZlYXR1cmUiOiJjb19lbWlzc2lvbnNfaW5zdGFudF9wZXJfYXZnIiwiY29udHJpYnV0aW9uIjowLjEzMDkzMjM1MTgyMjE4MjY2fV0=,2024-07-05,2a6d5a7c7143dbb6f5a920da260946301b4f6a184d93d87e3268ffc96c9bb294
461fe8299a304e1b,sim001,battery,2024-07-05T14:08:39+00:00,2024-07-05T14:13:07+00:00,268,24,0.5205356283740478,0.4970749809314908,1,anomaly,W3siZmVhdHVyZSI6ImJhcm9tZXRlcl9hbmRyb2lkX2RldmljZV9tYiIsImNvbnRyaWJ1dGlvbiI6MC41MDYxMzM0MTYxMTk2NzI5fSx7ImZlYXR1cmUiOiJjaGFyZ2luZ19lZmZpY2llbmN5X3BjdCIsImNvbnRyaWJ1dGlvbiI6MC4yNTIxMjU2MDc4ODQ0NDY5fSx7ImZlYXR1cmUiOiJhbGNvaG9sX2Z1ZWxfcGVyY2VudGFnZSIsImNvbnRyaWJ1dGlvbiI6MC4yNTE0NDU5ODQ1NDc4NTUxNn1d,2024-07-05,7e7ee185ec7f8f83fa165570fa5fddb75dd8d4c3aac6f5ad03b89750d1c6cf56
82ca904113b64aaf,sim001,battery,2024-07-05T14:14:08+00:00,2024-07-05T14:14:14+00:00,6,6,0.5133890135908076,0.5011583559842598,1,anomaly,W3siZmVhdHVyZSI6ImJhcm9tZXRlcl9hbmRyb2lkX2RldmljZV9tYiIsImNvbnRyaWJ1dGlvbiI6MC41MzI0MDQ0MDE3MjMwMDU0fSx7ImZlYXR1cmUiOiJhbGNvaG9sX2Z1ZWxfcGVyY2VudGFnZSIsImNvbnRyaWJ1dGlvbiI6MC4zMzc4MTMzOTE2NDE2MDU0fSx7ImZlYXR1cmUiOiJkaXN0YW5jZV90b19lbXB0eV9rbSIsImNvbnRyaWJ1dGlvbiI6MC4yNTYzNjA1MjAxOTIyNzc4NH1d,2024-07-05,95517dd9ebc1b4be9cce6b43d614d2c759ff55fef92e59e7689e35f8ba73aba9
98cfabc0fcf84e9e,sim001,battery,2024-07-05T14:15:22+00:00,2024-07-05T16:12:08+00:00,7006,6799,0.893586277448232,0.7414510756932471,3,critical,W3siZmVhdHVyZSI6ImJhcm9tZXRlcl9hbmRyb2lkX2RldmljZV9tYiIsImNvbnRyaWJ1dGlvbiI6MS41ODY0NzM5Mjc3NzgzMDl9LHsiZmVhdHVyZSI6ImFsY29ob2xfZnVlbF9wZXJjZW50YWdlIiwiY29udHJpYnV0aW9uIjoxLjM5MjY4ODEwNzYzNjgwOX0seyJmZWF0dXJlIjoiY2hhcmdpbmdfZWZmaWNpZW5jeV9wY3QiLCJjb250cmlidXRpb24iOjEuMDI1NjQ5MTI1MTYxMzc2NH1d,2024-07-05,b9178d03d1f1b68053f236397e13f5d254d5b5dd8a9510571fadb83605167f5b
278b7cf1f6064e34,sim001,body,2024-07-05T07:22:10+00:00,2024-07-05T07:23:20+00:00,70,71,0.7173075567894357,0.598040508755812,2,warning,W3siZmVhdHVyZSI6ImNhYmluX3RlbXBlcmF0dXJlIiwiY29udHJpYnV0aW9uIjowLjQzMjAyNjg2MzA5ODE5NjA1fSx7ImZlYXR1cmUiOiJkaXN0YW5jZV9zaW5jZV9jb2Rlc19jbGVhcmVkIiwiY29udHJpYnV0aW9uIjowLjI5NTgxMjk4ODI4MTI0ODZ9LHsiZmVhdHVyZSI6Imh2YWNfYmxvd2VyX3NwZWVkIiwiY29udHJpYnV0aW9uIjowLjIwNjE4MDg0NDk4ODE0MTV9XQ==,2024-07-05,7b96a13ddcda861fc0fa454b598708c326efc1c5ebce921a03fc96c3ce7d152a
ed5a885a6cd546cf,sim001,body,2024-07-05T14:10:27+00:00,2024-07-05T16:12:08+00:00,7301,6871,0.844816073766377,0.6633903494916369,2,warning,W3siZmVhdHVyZSI6ImFjX2NvbXByZXNzb3JfbG9hZF9wY3QiLCJjb250cmlidXRpb24iOjAuOTIwOTE4OTQxNDk3ODAyN30seyJmZWF0dXJlIjoiYW1iaWVudF9haXJfdGVtcGVyYXR1cmVfYm9keSIsImNvbnRyaWJ1dGlvbiI6MC44MDg3NzA0NzY3OTQ2MzQ0fSx7ImZlYXR1cmUiOiJvZG9tZXRlcl9yZWFkaW5nIiwiY29udHJpYnV0aW9uIjowLjY2NDUyMTA1MTg0MjA1ODN9XQ==,2024-07-05,35a9c08c7377507c4339f2fc2baebc2f2f4c74f81fc01eab5f887f6ee4ea59c9
e1e8add558534e5a,sim001,engine,2024-07-05T07:22:10+00:00,2024-07-05T07:37:59+00:00,949,913,0.9112692701799002,0.7147054773287858,3,critical,W3siZmVhdHVyZSI6ImFpcl9mdWVsX3JhdGlvX2NvbW1hbmRlZF8xIiwiY29udHJpYnV0aW9uIjozLjkzODI0NjczMjMwODc4NzN9LHsiZmVhdHVyZSI6InRpbWluZ19hZHZhbmNlIiwiY29udHJpYnV0aW9uIjoyLjg1Njc5NjEyNzAzMTgzMTR9LHsiZmVhdHVyZSI6Im8yX3NlbnNvcjFfd2lkZV9yYW5nZV9jdXJyZW50X21hIiwiY29udHJpYnV0aW9uIjoyLjAzODM4MzIxNTc1NjQwMTd9XQ==,2024-07-05,f160349ff244b6951e9cafda072cfec798a92b4c5691bf32c42217971cb200ec
77e1570a165944ac,sim001,engine,2024-07-05T07:39:22+00:00,2024-07-05T07:54:58+00:00,936,810,0.9099325425705348,0.6852565602359685,3,critical,W3siZmVhdHVyZSI6ImFpcl9mdWVsX3JhdGlvX2NvbW1hbmRlZF8xIiwiY29udHJpYnV0aW9uIjozLjM2NDk5NzE1MzgzMjgzNX0seyJmZWF0dXJlIjoiZW5naW5lX3JwbV9ycG0iLCJjb250cmlidXRpb24iOjIuMjg2OTE0Nzc3NTUyMjgyNX0seyJmZWF0dXJlIjoibzJfYmFua18xX3NlbnNvcl8yX3ZvbHRhZ2VfdiIsImNvbnRyaWJ1dGlvbiI6MC45MDY3MzkwMDcyNTQxMTU5fV0=,2024-07-05,b3451edd2481c0a1f3d38a3473ec665ae79d3c509bfae851753ad4d359d00241
2e40cf441e7d4cd3,sim001,engine,2024-07-05T07:58:29+00:00,2024-07-05T07:59:17+00:00,48,49,0.6229575207377793,0.5706802600592048,1,anomaly,W3siZmVhdHVyZSI6Im8yX2JhbmtfMV9zZW5zb3JfMl92b2x0YWdlX3YiLCJjb250cmlidXRpb24iOjAuNTgxMzI5NDc0NjgzNjY3OX0seyJmZWF0dXJlIjoiYWlyX2Z1ZWxfcmF0aW9fY29tbWFuZGVkXzEiLCJjb250cmlidXRpb24iOjAuNTA4MDYzMTM3NTMxMjgwNX0seyJmZWF0dXJlIjoiY2F0YWx5c3RfdGVtcGVyYXR1cmVfYmFua18xX3NlbnNvcl8xIiwiY29udHJpYnV0aW9uIjowLjQ2ODY5MzQxNTAxMzUwNzZ9XQ==,2024-07-05,07240bfa7761cb0326a2c5f37782484062f24844214c4e9129d4eef7b3dc7485
5416eabe9e464168,sim001,engine,2024-07-05T08:02:13+00:00,2024-07-05T08:08:26+00:00,373,374,0.9033483571294548,0.5885577327439837,1,anomaly,W3siZmVhdHVyZSI6InRpbWluZ19hZHZhbmNlIiwiY29udHJpYnV0aW9uIjoyLjA2MTU3Mzc2ODM2MzI3OTh9LHsiZmVhdHVyZSI6ImVuZ2luZV9vaWxfdGVtcGVyYXR1cmUiLCJjb250cmlidXRpb24iOjEuMjU3NzAzNTQyNzA5MzUwNn0seyJmZWF0dXJlIjoiYWlyX2Z1ZWxfcmF0aW9fY29tbWFuZGVkXzEiLCJjb250cmlidXRpb24iOjAuODk5NTE0OTEzNTU4OTZ9XQ==,2024-07-05,6df06e3b1ba24663f8685b23134293628cab8964428c83a6b04c11d5d2414682
3d39ee5bb41e4ccf,sim001,engine,2024-07-05T08:10:00+00:00,2024-07-05T09:00:15+00:00,3015,1691,0.9081784486965254,0.5867195964173972,1,anomaly,W3siZmVhdHVyZSI6ImFpcl9mdWVsX3JhdGlvX2NvbW1hbmRlZF8xIiwiY29udHJpYnV0aW9uIjoyLjg2Mjk3NTg0MTExOTIxMn0seyJmZWF0dXJlIjoiZW5naW5lX3JwbV9ycG0iLCJjb250cmlidXRpb24iOjEuMTkzNDMzNzU2ODYxMzYyOX0seyJmZWF0dXJlIjoidGltaW5nX2FkdmFuY2UiLCJjb250cmlidXRpb24iOjEuMDc0NjI4MTcwNzk4ODA2OH1d,2024-07-05,24f1df3ecaec7f06457ca0387c419b4899bbf8d8dc16d900a5230e55ab939670
e4bc8e21bd324632,sim001,engine,2024-07-05T09:01:31+00:00,2024-07-05T09:16:23+00:00,892,471,0.7739694807973795,0.5493990750537651,1,anomaly,W3siZmVhdHVyZSI6Im8yX3NlbnNvcjFfd2lkZV9yYW5nZV9jdXJyZW50X21hIiwiY29udHJpYnV0aW9uIjoxLjA4MTUzOTY2MjIzMjE1Mjd9LHsiZmVhdHVyZSI6ImFpcl9mdWVsX3JhdGlvX21lYXN1cmVkXzEiLCJjb250cmlidXRpb24iOjAuNzYxMDg2NzEyNTMxMjM1NX0seyJmZWF0dXJlIjoiYWlyX2Z1ZWxfcmF0aW9fY29tbWFuZGVkXzEiLCJjb250cmlidXRpb24iOjAuNzU5MDg0MzE0MTA3ODk0OX1d,2024-07-05,fec7720815b6d620bbcb5f30efe84d24753874cf69c0962c45751f69ea1df09e
35dba66193324e4b,sim001,engine,2024-07-05T09:17:34+00:00,2024-07-05T09:55:16+00:00,2262,999,0.8557868694264228,0.5421374394501948,1,anomaly,W3siZmVhdHVyZSI6InRpbWluZ19hZHZhbmNlIiwiY29udHJpYnV0aW9uIjoxLjc4MTg2Mzg4OTI3MzQ3NTN9LHsiZmVhdHVyZSI6ImVuZ2luZV9vaWxfdGVtcGVyYXR1cmUiLCJjb250cmlidXRpb24iOjAuNTQwMzk2Njc1NDY3NDkxMX0seyJmZWF0dXJlIjoibzJfYmFua18xX3NlbnNvcl8yX3ZvbHRhZ2VfdiIsImNvbnRyaWJ1dGlvbiI6MC40NDIxMTY5NzQzNDUyMDcyNX1d,2024-07-05,a544602dccbd03546a3f6ec8fd60fa47439219ca43bca979e33d5b87ba5a5aca
1e076bd77d6d4a71,sim001,engine,2024-07-05T09:56:18+00:00,2024-07-05T10:54:31+00:00,3493,1512,0.861683598209355,0.5488678286129073,1,anomaly,W3siZmVhdHVyZSI6InRpbWluZ19hZHZhbmNlIiwiY29udHJpYnV0aW9uIjoxLjU0NjgxODMyNjUwMTI4NTF9LHsiZmVhdHVyZSI6Im8yX3NlbnNvcjFfd2lkZV9yYW5nZV9jdXJyZW50X21hIiwiY29udHJpYnV0aW9uIjowLjY2MTg0MDA0MTcyMDAzMzd9LHsiZmVhdHVyZSI6ImFpcl9mdWVsX3JhdGlvX21lYXN1cmVkXzEiLCJjb250cmlidXRpb24iOjAuNjEwNzI1NjkxMjEzNDMyMX1d,2024-07-05,3ca3601280ed24df9d262726036b2d46c8a3a7247eef26b0c8a8fa9ae9402b2a
f85f0bae05d64ce6,sim001,engine,2024-07-05T10:55:34+00:00,2024-07-05T12:23:39+00:00,5285,2526,0.8979444142744125,0.5617617360265289,1,anomaly,W3siZmVhdHVyZSI6InRpbWluZ19hZHZhbmNlIiwiY29udHJpYnV0aW9uIjoxLjIzMTg1NTI3MzI0Njc2NTF9LHsiZmVhdHVyZSI6Im1hc3NfYWlyX2Zsb3dfcmF0ZV9nX3MiLCJjb250cmlidXRpb24iOjAuODcxNjc4MTg4MDg4NjY0Nn0seyJmZWF0dXJlIjoiY2F0YWx5c3RfdGVtcGVyYXR1cmVfYmFua18xX3NlbnNvcl8yIiwiY29udHJpYnV0aW9uIjowLjg1NDg3MTYzNjgwNzQ1Mn1d,2024-07-05,9d17f1238250a7338d06bb7768e440b5505de38c8b30ef5f95329bde9acd8867
5a990b4b3c924247,sim001,engine,2024-07-05T12:24:46+00:00,2024-07-05T12:32:44+00:00,478,315,0.8294311341450318,0.5469649224403582,1,anomaly,W3siZmVhdHVyZSI6ImVuZ2luZV9vaWxfdGVtcGVyYXR1cmUiLCJjb250cmlidXRpb24iOjEuMTcxNjExNDI4MjYwODAzMn0seyJmZWF0dXJlIjoiZWN1XzdlYl9hbWJpZW50X2Fpcl90ZW1wIiwiY29udHJpYnV0aW9uIjowLjczMDIwMTI5NDAyNDc4NTN9LHsiZmVhdHVyZSI6ImVjdV83ZWFfaW50YWtlX2Fpcl90ZW1wZXJhdHVyZSIsImNvbnRyaWJ1dGlvbiI6MC42NzU0MTAwODE5NDI4NzYxfV0=,2024-07-05,32acfe8077b9e2c7ea3d91f8b13463b42f9541ce2e67ffc6d7677ed64cc997e7
e92c51b8db254142,sim001,engine,2024-07-05T12:45:35+00:00,2024-07-05T12:46:13+00:00,38,39,0.7070041381586786,0.5709953259259439,1,anomaly,W3siZmVhdHVyZSI6ImZ1ZWxfZmxvd19yYXRlX2hvdXJfbF9ociIsImNvbnRyaWJ1dGlvbiI6MC44NjM5NTE5MjE0NjMwMTI3fSx7ImZlYXR1cmUiOiJlbmdpbmVfcnBtX3JwbSIsImNvbnRyaWJ1dGlvbiI6MC41NTAzNjkyNTk0MDA2MjQyfSx7ImZlYXR1cmUiOiJ0aW1pbmdfYWR2YW5jZSIsImNvbnRyaWJ1dGlvbiI6MC41NDkzMTkxNDgwNjM2NTk3fV0=,2024-07-05,276de39dab618a7f80ade277ca4df231ec66ed2d04ba901d67182acfbdea37c2
0f0eda2159f94abd,sim001,engine,2024-07-05T12:51:06+00:00,2024-07-05T14:32:57+00:00,6111,3712,0.9114510739067871,0.5711738723728187,1,anomaly,W3siZmVhdHVyZSI6ImNhdGFseXN0X3RlbXBlcmF0dXJlX2JhbmtfMV9zZW5zb3JfMiIsImNvbnRyaWJ1dGlvbiI6Mi40Mzk0ODIxNTA3NzYyMDAzfSx7ImZlYXR1cmUiOiJjYXRhbHlzdF90ZW1wZXJhdHVyZV9iYW5rXzFfc2Vuc29yXzEiLCJjb250cmlidXRpb24iOjEuODMyOTczNTQ4ODI5Mzc5Mn0seyJmZWF0dXJlIjoidGltaW5nX2FkdmFuY2UiLCJjb250cmlidXRpb24iOjEuNDQwNjY3NTE5MjM2MzEyfV0=,2024-07-05,cf35246f1702dc5674946d7a3e869a724821541b708d065fbd0810a83f4b1afb
b14fe568b9d24b2f,sim001,engine,2024-07-05T14:33:58+00:00,2024-07-05T15:25:57+00:00,3119,1802,0.9053504668274632,0.5841459700604706,1,anomaly,W3siZmVhdHVyZSI6ImFpcl9mdWVsX3JhdGlvX2NvbW1hbmRlZF8xIiwiY29udHJpYnV0aW9uIjozLjg0MjkwNTE2OTA4Mzk5NX0seyJmZWF0dXJlIjoidGltaW5nX2FkdmFuY2UiLCJjb250cmlidXRpb24iOjEuMjcwMzUxODE1MzExMzQ3OH0seyJmZWF0dXJlIjoidm9sdGFnZV9jb250cm9sX21vZHVsZV92IiwiY29udHJpYnV0aW9uIjowLjk4Nzc2MjU4Njg0ODg1NjN9XQ==,2024-07-05,ca2010dd041da63a7ec0c16509e3b5c1df308e48ca65359c564fb5a6eadfbbe0
d6bee79d73b544ab,sim001,engine,2024-07-05T15:27:02+00:00,2024-07-05T16:12:08+00:00,2706,2380,0.9104775294646668,0.7426238833258796,3,critical,W3siZmVhdHVyZSI6ImFpcl9mdWVsX3JhdGlvX2NvbW1hbmRlZF8xIiwiY29udHJpYnV0aW9uIjozLjc2OTE0MzIyOTA4MTU1MzR9LHsiZmVhdHVyZSI6Im8yX3NlbnNvcjFfd2lkZV9yYW5nZV9jdXJyZW50X21hIiwiY29udHJpYnV0aW9uIjoxLjUwOTM3NjEyNTk0ODA0NX0seyJmZWF0dXJlIjoiY2F0YWx5c3RfdGVtcGVyYXR1cmVfYmFua18xX3NlbnNvcl8xIiwiY29udHJpYnV0aW9uIjoxLjE5MDU1NDk3MjMwNTI1NzN9XQ==,2024-07-05,901fa376059d19bd5d0f827e309b378286953cd3cec5b10a7fc4c25e906b3bb2
b897e5aba7954169,sim001,transmission,2024-07-05T07:22:11+00:00,2024-07-05T07:35:37+00:00,806,306,0.6912423727777236,0.5185739824932837,1,anomaly,W3siZmVhdHVyZSI6ImJlYXJpbmdfaGVhZGluZ19wZXJfdmVoaWNsZV95YXciLCJjb250cmlidXRpb24iOjAuMzA0NDMzNTY1ODk1NjExOX0seyJmZWF0dXJlIjoiZWdyX2Vycm9yX3BjdCIsImNvbnRyaWJ1dGlvbiI6MC4yODUwMzUxMDc4MTY5Njg3fSx7ImZlYXR1cmUiOiJjYXRhbHlzdF90ZW1wZXJhdHVyZXNfYmFua19zZW5zb3JzIiwiY29udHJpYnV0aW9uIjowLjI2NTkyMjE1MTU3NDA0Mn1d,2024-07-05,7c4273b8bf93087ba71737d0b3078a2146ca47c9a38f9897689ae0c0077debcc
021c0518fd0e493f,sim001,transmission,2024-07-05T07:37:13+00:00,2024-07-05T07:37:39+00:00,26,27,0.5850264920877888,0.518094313360625,1,anomaly,W3siZmVhdHVyZSI6InRvcnF1ZV9jb252ZXJ0ZXJfc2xpcF9zcGVlZCIsImNvbnRyaWJ1dGlvbiI6MC4xNDAwMjc1NjgyNzY2MTcxfSx7ImZlYXR1cmUiOiJhY2NlbGVyYXRvcl9wZWRhbF9wb3NpdGlvbl9kX3Blcl9lX3Blcl9mX3BjdCIsImNvbnRyaWJ1dGlvbiI6MC4xMjQwMzM5MzIwMjgxNDUzOX0seyJmZWF0dXJlIjoiYWN0dWFsX2VuZ2luZV9wY3RfdG9ycXVlIiwiY29udHJpYnV0aW9uIjowLjExNDM5MTY5NDY1NjI2OTU4fV0=,2024-07-05,7eaa64ddac818d579da509b293d691703fe5309c49b705caba8f34ebec197915
2a17d7c835a04b2b,sim001,transmission,2024-07-05T07:39:26+00:00,2024-07-05T07:40:33+00:00,67,68,0.5481483633242996,0.5021147956537177,1,anomaly,W3siZmVhdHVyZSI6InRvcnF1ZV9jb252ZXJ0ZXJfc2xpcF9zcGVlZCIsImNvbnRyaWJ1dGlvbiI6MC4yOTAzNzkzMjYzNTE0OTY5fSx7ImZlYXR1cmUiOiJhaXJfZnVlbF9yYXRpb19jb21tYW5kZWQiLCJjb250cmlidXRpb24iOjAuMTgxNzQxNTkyMjM2MzY2NzR9LHsiZmVhdHVyZSI6ImFpcl9mdWVsX3JhdGlvX21lYXN1cmVkIiwiY29udHJpYnV0aW9uIjowLjEzOTk5NjI3NjE2NzkzNzQyfV0=,2024-07-05,13b8862d04e5716ec9aa280ff7b5abba2e35a0078ad04a28f9e90cbc21bc6f95
3e5c889abfb84d4d,sim001,transmission,2024-07-05T07:43:46+00:00,2024-07-05T07:55:14+00:00,688,248,0.6657423975076466,0.5178523706139808,1,anomaly,W3siZmVhdHVyZSI6ImFpcl9mdWVsX3JhdGlvX21lYXN1cmVkIiwiY29udHJpYnV0aW9uIjowLjIxODk5OTE3NjIwMTE1ODg2fSx7ImZlYXR1cmUiOiJhaXJfZnVlbF9yYXRpb19jb21tYW5kZWQiLCJjb250cmlidXRpb24iOjAuMTYyNDg3NTYwMzU1NjgzMTJ9LHsiZmVhdHVyZSI6ImRyaXZlcl9kZW1hbmRfZW5naW5lX3BjdF90b3JxdWUiLCJjb250cmlidXRpb24iOjAuMTM2NjU0ODAzOTE5MjM3NTd9XQ==,2024-07-05,82f51babc29dbf77b6988ea012b848d56ac223166b3fde8f7babde892264c8e0
1e53bd6678ab4e84,sim001,transmission,2024-07-05T08:05:36+00:00,2024-07-05T08:07:14+00:00,98,84,0.6674965710072013,0.5091470663344594,1,anomaly,W3siZmVhdHVyZSI6InRvcnF1ZV9jb252ZXJ0ZXJfc2xpcF9zcGVlZCIsImNvbnRyaWJ1dGlvbiI6MC4yNTk0MTA0MTE4MDYwNTg3fSx7ImZlYXR1cmUiOiJhaXJfZnVlbF9yYXRpb19tZWFzdXJlZCIsImNvbnRyaWJ1dGlvbiI6MC4xODAxNTQ1OTk0MDQ3NTM1M30seyJmZWF0dXJlIjoiYm9vc3RfcHJlc3N1cmVfc2Vuc29yX2FfcGVyX2IiLCJjb250cmlidXRpb24iOjAuMTQ2MTM2ODY2MTI3MDA1M31d,2024-07-05,4cddb2675abdc37e274762fcac5c106a7981e6d96aded53e6dfc08d84e4dc232
854819794f8843c5,sim001,transmission,2024-07-05T08:10:08+00:00,2024-07-05T08:11:40+00:00,92,46,0.6028140028026662,0.5242652282682753,1,anomaly,W3siZmVhdHVyZSI6ImFpcl9mdWVsX3JhdGlvX2NvbW1hbmRlZCIsImNvbnRyaWJ1dGlvbiI6MC4xNTYzNjI5MjU0NzU2ODZ9LHsiZmVhdHVyZSI6InRvcnF1ZV9jb252ZXJ0ZXJfc2xpcF9zcGVlZCIsImNvbnRyaWJ1dGlvbiI6MC4xMzk3NzYwMjE1OTA0MTU5fSx7ImZlYXR1cmUiOiJlbmdpbmVfcmVmZXJlbmNlX3RvcnF1ZV9ubSIsImNvbnRyaWJ1dGlvbiI6MC4xMzcyMzIwMzgzMTM1NTUxM31d,2024-07-05,801465567e60947e5ce3589b68c1f18ea67ecc3e18ed430831313aeae2333af4
2beebaf124f84efb,sim001,transmission,2024-07-05T08:12:48+00:00,2024-07-05T09:16:28+00:00,3820,1391,0.7971801720612168,0.5382465141570447,1,anomaly,W3siZmVhdHVyZSI6InRvcnF1ZV9jb252ZXJ0ZXJfc2xpcF9zcGVlZCIsImNvbnRyaWJ1dGlvbiI6MC43NzM2NTU1Nzg5NDY4Mjg1fSx7ImZlYXR1cmUiOiJhaXJfZnVlbF9yYXRpb19tZWFzdXJlZCIsImNvbnRyaWJ1dGlvbiI6MC43NTU1ODg3MjMzNjc2MTc4fSx7ImZlYXR1cmUiOiJhY2NlbF94X2ciLCJjb250cmlidXRpb24iOjAuNzQyOTUwNDY4NzY2ODg0OX1d,2024-07-05,fff8e64f6c3809ebddec5b8b7cc6e2bc40586201b9c5a6178bd6f3117f6d9149
5f943ba6fb9b4fa8,sim001,transmission,2024-07-05T09:17:38+00:00,2024-07-05T11:35:33+00:00,8275,2568,0.6939678951993967,0.5330613830682288,1,anomaly,W3siZmVhdHVyZSI6InRocm90dGxlX3Bvc2l0aW9uX21hbmlmb2xkX3BjdCIsImNvbnRyaWJ1dGlvbiI6MC4zOTkwNTk1MzI3OTE5ODg5fSx7ImZlYXR1cmUiOiJhY2NlbF94X2ciLCJjb250cmlidXRpb24iOjAuMzcwMDYwNzU5NDg5NjUzNTZ9LHsiZmVhdHVyZSI6ImFpcl9mdWVsX3JhdGlvX2NvbW1hbmRlZCIsImNvbnRyaWJ1dGlvbiI6MC4zNTc2MzI3NzEwNjcyMzAyNH1d,2024-07-05,11a816f2cc5dc1f709d52404594aab4cf00a214424263444f3009f2116a141d2
03c63aab09a54732,sim001,transmission,2024-07-05T11:36:44+00:00,2024-07-05T11:42:09+00:00,325,97,0.668823616239805,0.5333530088979664,1,anomaly,W3siZmVhdHVyZSI6ImRyaXZlcl9kZW1hbmRfZW5naW5lX3BjdF90b3JxdWUiLCJjb250cmlidXRpb24iOjAuMTg3NjYwNTQ1MzQxNzI4Mzh9LHsiZmVhdHVyZSI6ImFjY2VsZXJhdG9yX3BlZGFsX3Bvc2l0aW9uX2RfcGVyX2VfcGVyX2ZfcGN0IiwiY29udHJpYnV0aW9uIjowLjE4NTIzNTkxMTQwMjIwOTUyfSx7ImZlYXR1cmUiOiJ0aHJvdHRsZV9wb3NpdGlvbl9tYW5pZm9sZF9wY3QiLCJjb250cmlidXRpb24iOjAuMTM0NzA0NzI1Mjc3NjgwM31d,2024-07-05,cf7ffa8fb408debae9538018aed94b388b90f992623a96b7bcadca4e5e34b6ab
b453f28929c94a8f,sim001,transmission,2024-07-05T11:43:39+00:00,2024-07-05T11:47:09+00:00,210,69,0.6525246908674556,0.536696731987656,1,anomaly,W3siZmVhdHVyZSI6ImFpcl9mdWVsX3JhdGlvX21lYXN1cmVkIiwiY29udHJpYnV0aW9uIjowLjI2MzQ2MDY0ODQzODU5MDF9LHsiZmVhdHVyZSI6ImRyaXZlcl9kZW1hbmRfZW5naW5lX3BjdF90b3JxdWUiLCJjb250cmlidXRpb24iOjAuMjM3OTQ4MTM5NTA4NTY1M30seyJmZWF0dXJlIjoiYWlyX2Z1ZWxfcmF0aW9fY29tbWFuZGVkIiwiY29udHJpYnV0aW9uIjowLjIwMzc3NjM2MzQ2Mjg4MTUzfV0=,2024-07-05,bc4e73e87d01b0b72b19b85c6de69a792b8a2d4dbe44cdc1c910b74558f610c9
19b1161acdba4cde,sim001,transmission,2024-07-05T11:49:05+00:00,2024-07-05T11:49:10+00:00,5,6,0.5518817737200621,0.5380779921231572,1,anomaly,W3siZmVhdHVyZSI6ImFjY2VsZXJhdG9yX3BlZGFsX3Bvc2l0aW9uX2RfcGVyX2VfcGVyX2ZfcGN0IiwiY29udHJpYnV0aW9uIjowLjEwMTgxODQ1MDgyMjkxMjE3fSx7ImZlYXR1cmUiOiJlbmdpbmVfbG9hZF9jYWxjdWxhdGVkX3BjdCIsImNvbnRyaWJ1dGlvbiI6MC4wOTQzNTM1Mjg3ODQ5MjM4NX0seyJmZWF0dXJlIjoiZ2Vhcl9jb21tYW5kZWRfdGFyZ2V0IiwiY29udHJpYnV0aW9uIjowLjA3MzYwNDY0MzM0NDg3OTE1fV0=,2024-07-05,e523ea9f71f1d28c8cf706266a8d2778045ab5edbce2d9e4547ef2f0b2e347fe
a9a053e1fc2b4591,sim001,transmission,2024-07-05T11:52:38+00:00,2024-07-05T11:52:49+00:00,11,12,0.6883151801722309,0.5547510589093622,1,anomaly,W3siZmVhdHVyZSI6ImVuZ2luZV9yZWZlcmVuY2VfdG9ycXVlX25tIiwiY29udHJpYnV0aW9uIjowLjMzMTc4NjYwMDAyNjIxNzN9LHsiZmVhdHVyZSI6ImVuZ2luZV9ycG0iLCJjb250cmlidXRpb24iOjAuMjEwNTg2NzUzMTI5NzY2OTN9LHsiZmVhdHVyZSI6InRyYW5zbWlzc2lvbl9vaWxfcHJlc3N1cmUiLCJjb250cmlidXRpb24iOjAuMTc4OTU1Njk5NjkxMzI0ODV9XQ==,2024-07-05,2464cee7ed952ad0517fda276a106a81c5e67e145d6fed63bb9355cb72906b0f
d1ef93e88556479e,sim001,transmission,2024-07-05T11:54:09+00:00,2024-07-05T11:58:28+00:00,259,71,0.6510937978130226,0.5357387219650906,1,anomaly,W3siZmVhdHVyZSI6ImRyaXZlcl9kZW1hbmRfZW5naW5lX3BjdF90b3JxdWUiLCJjb250cmlidXRpb24iOjAuMDk2MTE0MDMyMDI4MjU3M30seyJmZWF0dXJlIjoiYWNjZWxlcmF0b3JfcGVkYWxfcG9zaXRpb25fZF9wZXJfZV9wZXJfZl9wY3QiLCJjb250cmlidXRpb24iOjAuMDYyOTU4MDk4NjkxMDg1MjZ9LHsiZmVhdHVyZSI6ImdlYXJfcG9zaXRpb25fYWN0dWFsIiwiY29udHJpYnV0aW9uIjowLjA2MTgzMjAxMDc0NjAwMjJ9XQ==,2024-07-05,34b1e8ee40c4e45b36e9592789c05fc267bc316687354a9b1200ef82bfc8894b
038670c77863470d,sim001,transmission,2024-07-05T11:59:54+00:00,2024-07-05T12:06:39+00:00,405,93,0.6551799888910175,0.5389329764538091,1,anomaly,W3siZmVhdHVyZSI6ImFpcl9mdWVsX3JhdGlvX21lYXN1cmVkIiwiY29udHJpYnV0aW9uIjowLjI1ODYxNjk3Nzk5OTMzNDd9LHsiZmVhdHVyZSI6ImFpcl9mdWVsX3JhdGlvX2NvbW1hbmRlZCIsImNvbnRyaWJ1dGlvbiI6MC4yMTk4NDU2OTQ3NjgzNjYxM30seyJmZWF0dXJlIjoiZHJpdmVyX2RlbWFuZF9lbmdpbmVfcGN0X3RvcnF1ZSIsImNvbnRyaWJ1dGlvbiI6MC4xODA5MzU1MzA5MzA1MjY1M31d,2024-07-05,40133edfc2deab5a47d90cd090753f35b6179becdf7afe5e263d6a1c62ab5a78
7fe60578392e41d0,sim001,transmission,2024-07-05T12:08:03+00:00,2024-07-05T12:08:24+00:00,21,7,0.5969159564340523,0.533246058140246,1,anomaly,W3siZmVhdHVyZSI6ImVuZ2luZV9yZWZlcmVuY2VfdG9ycXVlX25tIiwiY29udHJpYnV0aW9uIjowLjE4NDE1MjA0OTYyODcxOTY3fSx7ImZlYXR1cmUiOiJlbmdpbmVfbG9hZF9jYWxjdWxhdGVkX3BjdCIsImNvbnRyaWJ1dGlvbiI6MC4xNjE1Njg2Njg2OTYzOTg0fSx7ImZlYXR1cmUiOiJ0aHJvdHRsZV9wb3NpdGlvbl9tYW5pZm9sZF9wY3QiLCJjb250cmlidXRpb24iOjAuMTEyNjgyNTI0ODE1NzE5Mjh9XQ==,2024-07-05,3053c1d73a6b20d3763d5c6288dc13112d1ac44a46274f3d3611d4f4b49430f8
b5de1feb541c4513,sim001,transmission,2024-07-05T12:09:39+00:00,2024-07-05T12:10:02+00:00,23,4,0.5555693915849719,0.5246091369996899,1,anomaly,W3siZmVhdHVyZSI6ImFpcl9mdWVsX3JhdGlvX21lYXN1cmVkIiwiY29udHJpYnV0aW9uIjowLjIxOTYyODg4MjczNzcyNzkzfSx7ImZlYXR1cmUiOiJhaXJfZnVlbF9yYXRpb19jb21tYW5kZWQiLCJjb250cmlidXRpb24iOjAuMTg4MDYwMjYyMDcwOTkwOX0seyJmZWF0dXJlIjoiZW5naW5lX3JwbSIsImNvbnRyaWJ1dGlvbiI6MC4wOTU1NzUwNjAzNDYxOTUxMn1d,2024-07-05,575d5a745e20c801842b06ee8af246f8e4d49b7f06204542f44471b4a6edc7c7
c991f0ca3f4c47f5,sim001,transmission,2024-07-05T12:11:03+00:00,2024-07-05T12:13:09+00:00,126,24,0.5907194402028952,0.5222597332147046,1,anomaly,W3siZmVhdHVyZSI6ImFpcl9mdWVsX3JhdGlvX21lYXN1cmVkIiwiY29udHJpYnV0aW9uIjowLjI0MTgxNzcxOTk5ODExNDg2fSx7ImZlYXR1cmUiOiJhaXJfZnVlbF9yYXRpb19jb21tYW5kZWQiLCJjb250cmlidXRpb24iOjAuMjM4OTg4NjI0OTQ5NTk1Nn0seyJmZWF0dXJlIjoidGhyb3R0bGVfcG9zaXRpb25fbWFuaWZvbGRfcGN0IiwiY29udHJpYnV0aW9uIjowLjEyMTczOTc3MzY2MTUxMTAxfV0=,2024-07-05,c610f1fb1d8b1f265f0539b3e340d23e4862f43d38ce8d5516e513a833effbc1
c36d32aedf424871,sim001,transmission,2024-07-05T12:14:29+00:00,2024-07-05T12:20:47+00:00,378,102,0.622146504679047,0.5303862898746717,1,anomaly,W3siZmVhdHVyZSI6ImFpcl9mdWVsX3JhdGlvX21lYXN1cmVkIiwiY29udHJpYnV0aW9uIjowLjEwMTk2ODE5MDY1NDMzNTU2fSx7ImZlYXR1cmUiOiJhaXJfZnVlbF9yYXRpb19jb21tYW5kZWQiLCJjb250cmlidXRpb24iOjAuMTAwMzA5ODgzNDQzNTEyOTV9LHsiZmVhdHVyZSI6ImRyaXZlcl9kZW1hbmRfZW5naW5lX3BjdF90b3JxdWUiLCJjb250cmlidXRpb24iOjAuMDk0MzY3MzI3ODQ3MjIxOX1d,2024-07-05,946b02a29d844d5db0bfd264372405fbcfa27268e162e36949b2e6258f982344
8ca20f5e1fa641ad,sim001,transmission,2024-07-05T12:22:09+00:00,2024-07-05T12:22:17+00:00,8,8,0.5620327824097331,0.5367432693184897,1,anomaly,W3siZmVhdHVyZSI6InZlaGljbGVfc3BlZWRfa21oIiwiY29udHJpYnV0aW9uIjowLjA1OTY4OTU0NTYzMTQwODcxNH0seyJmZWF0dXJlIjoiZHJpdmVyX2RlbWFuZF9lbmdpbmVfcGN0X3RvcnF1ZSIsImNvbnRyaWJ1dGlvbiI6MC4wNTExNDA1MzI0NzUxMDkyNzR9LHsiZmVhdHVyZSI6ImJvb3N0X3ByZXNzdXJlX3NlbnNvcl9hX3Blcl9iIiwiY29udHJpYnV0aW9uIjowLjA0MzYyNTQ1OTYyODU3NzUzfV0=,2024-07-05,7c4736e5c01145089f54fb8238eaf234ec452c6b1c1df3799263bd737f0caaa2
609e53b1b6fc4ae3,sim001,transmission,2024-07-05T12:23:32+00:00,2024-07-05T12:30:55+00:00,443,77,0.6488245342318153,0.5284265131661631,1,anomaly,W3siZmVhdHVyZSI6ImRyaXZlcl9kZW1hbmRfZW5naW5lX3BjdF90b3JxdWUiLCJjb250cmlidXRpb24iOjAuMDc2NTI5MTA2NjU5NDgyNDh9LHsiZmVhdHVyZSI6ImVuZ2luZV9ycG0iLCJjb250cmlidXRpb24iOjAuMDcyODg0NjEyMzY3NzY5ODl9LHsiZmVhdHVyZSI6ImFjY2VsZXJhdG9yX3BlZGFsX3Bvc2l0aW9uX2RfcGVyX2VfcGVyX2ZfcGN0IiwiY29udHJpYnV0aW9uIjowLjA2ODY1ODY4Nzk0NTA2OTh9XQ==,2024-07-05,6ac844cd8a65d731ab8877843e9d2a3500f566c24820e1a3dc3110fde5ad4b53
a78b95f8365f40df,sim001,transmission,2024-07-05T13:08:24+00:00,2024-07-05T13:24:26+00:00,962,216,0.690337233076285,0.5341197570286078,1,anomaly,W3siZmVhdHVyZSI6ImVncl9jb21tYW5kZWRfcGN0IiwiY29udHJpYnV0aW9uIjowLjIxMDk5MDMyNDYxNjQzMjJ9LHsiZmVhdHVyZSI6ImFjY2VsZXJhdG9yX3BlZGFsX3Bvc2l0aW9uX2RfcGVyX2VfcGVyX2ZfcGN0IiwiY29udHJpYnV0aW9uIjowLjIwMDEyNTYwNTg5NTYwMTN9LHsiZmVhdHVyZSI6ImVuZ2luZV9yZWZlcmVuY2VfdG9ycXVlX25tIiwiY29udHJpYnV0aW9uIjowLjE4Mjg1Mzg0NDAwMzkyOTczfV0=,2024-07-05,3c96faf9b3ae70ce4e7f5aa0a1b22b9832b13561096e9463bc4e6530e3c4d640
e33d5889f5ba45fe,sim001,transmission,2024-07-05T13:25:35+00:00,2024-07-05T13:27:03+00:00,88,31,0.6579266803054984,0.5432991000050394,1,anomaly,W3siZmVhdHVyZSI6ImFpcl9mdWVsX3JhdGlvX2NvbW1hbmRlZCIsImNvbnRyaWJ1dGlvbiI6MC4yODg4MjI3MDIwNjQwNTE3fSx7ImZlYXR1cmUiOiJhaXJfZnVlbF9yYXRpb19tZWFzdXJlZCIsImNvbnRyaWJ1dGlvbiI6MC4yNTE2Nzc4MjEzMjUxNTAyNn0seyJmZWF0dXJlIjoiZW5naW5lX3JlZmVyZW5jZV90b3JxdWVfbm0iLCJjb250cmlidXRpb24iOjAuMTUwMzY2Nzk2NDQ4NTM1MjN9XQ==,2024-07-05,51d299541d857b383abc12e28a8f09b6ae4b8c222d7d91dd6f1b11486fe69d49
9ff0f23cc94a4cac,sim001,transmission,2024-07-05T13:28:07+00:00,2024-07-05T13:31:11+00:00,184,42,0.6469873492568237,0.5337617747384811,1,anomaly,W3siZmVhdHVyZSI6ImFpcl9mdWVsX3JhdGlvX2NvbW1hbmRlZCIsImNvbnRyaWJ1dGlvbiI6MC4yODE3NDgyMjc5NzM5NTE1fSx7ImZlYXR1cmUiOiJhaXJfZnVlbF9yYXRpb19tZWFzdXJlZCIsImNvbnRyaWJ1dGlvbiI6MC4yNTU1MjAyODkzODUyNTIxfSx7ImZlYXR1cmUiOiJhY2NlbGVyYXRvcl9wZWRhbF9wb3NpdGlvbl9kX3Blcl9lX3Blcl9mX3BjdCIsImNvbnRyaWJ1dGlvbiI6MC4yNDI5MDQ2NzU0MTc5MzMwNH1d,2024-07-05,2eeda01ea8f79317817055e07730d66863e07e9b2daa3ba0b510253cf4c1fca6
9fe983989d3a4fcc,sim001,transmission,2024-07-05T13:32:21+00:00,2024-07-05T13:32:41+00:00,20,7,0.6103739399820742,0.5414031302296839,1,anomaly,W3siZmVhdHVyZSI6ImVuZ2luZV9sb2FkX2NhbGN1bGF0ZWRfcGN0IiwiY29udHJpYnV0aW9uIjowLjA5NTU4MDcwNjkzOTQ1NDA5fSx7ImZlYXR1cmUiOiJhaXJfZnVlbF9yYXRpb19tZWFzdXJlZCIsImNvbnRyaWJ1dGlvbiI6MC4wOTUyNjMzNDYyOTQ3OTY1Nn0seyJmZWF0dXJlIjoiYWlyX2Z1ZWxfcmF0aW9fY29tbWFuZGVkIiwiY29udHJpYnV0aW9uIjowLjA3MzkxNDQzMjQ4MTczMjR9XQ==,2024-07-05,0c73598a10f501817ebfd7f405400cf1582cfe39e286f4a15af358b5f38d31e0
8f004357f56842d0,sim001,transmission,2024-07-05T13:33:46+00:00,2024-07-05T13:39:55+00:00,369,74,0.6816912220700341,0.5392882279411981,1,anomaly,W3siZmVhdHVyZSI6ImRyaXZlcl9kZW1hbmRfZW5naW5lX3BjdF90b3JxdWUiLCJjb250cmlidXRpb24iOjAuMjcyOTcxOTk3ODg5NDM3MTZ9LHsiZmVhdHVyZSI6ImFpcl9mdWVsX3JhdGlvX21lYXN1cmVkIiwiY29udHJpYnV0aW9uIjowLjEzOTc2OTgwNDkzNDQ4NjE1fSx7ImZlYXR1cmUiOiJhY2NlbGVyYXRvcl9wZWRhbF9wb3NpdGlvbl9kX3Blcl9lX3Blcl9mX3BjdCIsImNvbnRyaWJ1dGlvbiI6MC4xMzQyMjA0MTUxNDgyNDJ9XQ==,2024-07-05,7132ae1ebd46857ce8f97482c0824cd08f969b01bb891772459596fb3a6ce85d
aa5715af279341a3,sim001,transmission,2024-07-05T13:41:57+00:00,2024-07-05T13:44:44+00:00,167,48,0.6643963638429005,0.5464722507688168,1,anomaly,W3siZmVhdHVyZSI6ImFpcl9mdWVsX3JhdGlvX21lYXN1cmVkIiwiY29udHJpYnV0aW9uIjowLjMyMzY4NTQwNTAxOTE5NTk2fSx7ImZlYXR1cmUiOiJhaXJfZnVlbF9yYXRpb19jb21tYW5kZWQiLCJjb250cmlidXRpb24iOjAuMjcwNjM0OTA3MjI1ODAyNX0seyJmZWF0dXJlIjoiZW5naW5lX3JlZmVyZW5jZV90b3JxdWVfbm0iLCJjb250cmlidXRpb24iOjAuMTg3NjA0NjkzNDY2NTU1NH1d,2024-07-05,64ad34871b6ae09705816db26ad2e11e4d6504e4101d1f6a58e4cd1c8e9b80cd
afe481fe9d514d72,sim001,transmission,2024-07-05T13:46:00+00:00,2024-07-05T13:47:16+00:00,76,42,0.6583159591313115,0.5391019195990572,1,anomaly,W3siZmVhdHVyZSI6ImFpcl9mdWVsX3JhdGlvX21lYXN1cmVkIiwiY29udHJpYnV0aW9uIjowLjMwOTYyMjM0NTE2ODM1ODI0fSx7ImZlYXR1cmUiOiJhaXJfZnVlbF9yYXRpb19jb21tYW5kZWQiLCJjb250cmlidXRpb24iOjAuMjkyOTE1OTQwNTczOTcxODZ9LHsiZmVhdHVyZSI6ImVuZ2luZV9yZWZlcmVuY2VfdG9ycXVlX25tIiwiY29udHJpYnV0aW9uIjowLjA5NTk2NDU0OTMyNTgyNjY1fV0=,2024-07-05,28c1451a61d74dc56ce8845289bff99846fe82364184c98d74a7053e261c8932
9435888ae29d4efc,sim001,transmission,2024-07-05T13:48:38+00:00,2024-07-05T13:54:35+00:00,357,89,0.631542373279417,0.5330422459468939,1,anomaly,W3siZmVhdHVyZSI6ImJvb3N0X3ByZXNzdXJlX3NlbnNvcl9hX3Blcl9iIiwiY29udHJpYnV0aW9uIjowLjExNzAxMjAwNjk0ODYwNjkyfSx7ImZlYXR1cmUiOiJlbmdpbmVfcnBtIiwiY29udHJpYnV0aW9uIjowLjA3MzM4MTk4MjE0OTM3NDY0fSx7ImZlYXR1cmUiOiJhY2NlbF94X2ciLCJjb250cmlidXRpb24iOjAuMDY1NjM4NDY0OTgyMzkyMzR9XQ==,2024-07-05,5114ebbae9337b09b816027b36f67503284f45d7f919261420fe63f5d4535c71
c3ca7db3f6404903,sim001,transmission,2024-07-05T13:55:44+00:00,2024-07-05T13:56:26+00:00,42,18,0.6724641957572706,0.5367283663715775,1,anomaly,W3siZmVhdHVyZSI6ImFpcl9mdWVsX3JhdGlvX21lYXN1cmVkIiwiY29udHJpYnV0aW9uIjowLjMwNDUzMTQzMjAzNzgwMDd9LHsiZmVhdHVyZSI6ImFpcl9mdWVsX3JhdGlvX2NvbW1hbmRlZCIsImNvbnRyaWJ1dGlvbiI6MC4yNzcyNTU5MzgzMjk5NzczfSx7ImZlYXR1cmUiOiJ0aHJvdHRsZV9wb3NpdGlvbl9tYW5pZm9sZF9wY3QiLCJjb250cmlidXRpb24iOjAuMjY3NjM3NzAxMTIzMzM5NzN9XQ==,2024-07-05,74c8427735dde97fc2324541200a848773d3f73d59c1e0fc59b384fd588b060e
c647f2b7c9474c5d,sim001,transmission,2024-07-05T13:57:40+00:00,2024-07-05T14:07:20+00:00,580,151,0.8073680853167216,0.5435472319804021,1,anomaly,W3siZmVhdHVyZSI6ImVuZ2luZV9yZWZlcmVuY2VfdG9ycXVlX25tIiwiY29udHJpYnV0aW9uIjoxLjIzNjkzNDI5NDc3MTk1NjJ9LHsiZmVhdHVyZSI6ImFjY2VsX3hfZyIsImNvbnRyaWJ1dGlvbiI6MC41ODAzNDA4MTUzNzIxNTUyfSx7ImZlYXR1cmUiOiJ0b3JxdWVfY29udmVydGVyX3NsaXBfc3BlZWQiLCJjb250cmlidXRpb24iOjAuNDgyMTc0MjExMzEyNjEzOTV9XQ==,2024-07-05,b99fe38db70daa33a54f97273472f37ceca126cfb6475f506a43932729eb3c52
2f88d058f2cc44fb,sim001,transmission,2024-07-05T14:08:21+00:00,2024-07-05T14:15:58+00:00,457,125,0.666860661223019,0.5389387656724642,1,anomaly,W3siZmVhdHVyZSI6ImFpcl9mdWVsX3JhdGlvX21lYXN1cmVkIiwiY29udHJpYnV0aW9uIjowLjI3MTkxNDUyNDE2OTUzNjR9LHsiZmVhdHVyZSI6ImFpcl9mdWVsX3JhdGlvX2NvbW1hbmRlZCIsImNvbnRyaWJ1dGlvbiI6MC4yMjU1NTQyMzA5MDczNDc2fSx7ImZlYXR1cmUiOiJlbmdpbmVfcmVmZXJlbmNlX3RvcnF1ZV9ubSIsImNvbnRyaWJ1dGlvbiI6MC4xMjE2NTAwMjg1NTc5OTE0NX1d,2024-07-05,b79fdb79241723761c139056600adbf5bbcdaafe95efbcead27130b84e32348b
86e637cd8b8b4321,sim001,transmission,2024-07-05T14:16:59+00:00,2024-07-05T14:18:58+00:00,119,49,0.6781926273610757,0.539325773260324,1,anomaly,W3siZmVhdHVyZSI6ImFpcl9mdWVsX3JhdGlvX21lYXN1cmVkIiwiY29udHJpYnV0aW9uIjowLjMzNDQzNTA1OTIxNjMxNjF9LHsiZmVhdHVyZSI6ImFpcl9mdWVsX3JhdGlvX2NvbW1hbmRlZCIsImNvbnRyaWJ1dGlvbiI6MC4zMjQ3NzQzMzQwMzYwODV9LHsiZmVhdHVyZSI6ImVuZ2luZV9yZWZlcmVuY2VfdG9ycXVlX25tIiwiY29udHJpYnV0aW9uIjowLjI2MjUzODMxMzU5MTMwMTc1fV0=,2024-07-05,d4c6b01bc60acbea23c22f4516baf633d6925e9fdcfc4317c4f4ab114c1b9308
368466cb7cf3414d,sim001,transmission,2024-07-05T14:20:02+00:00,2024-07-05T14:23:05+00:00,183,62,0.6526636795595856,0.5455093544042577,1,anomaly,W3siZmVhdHVyZSI6ImRyaXZlcl9kZW1hbmRfZW5naW5lX3BjdF90b3JxdWUiLCJjb250cmlidXRpb24iOjAuMzQ4MjU5MzgyNzAwNzM1MTR9LHsiZmVhdHVyZSI6ImFjY2VsZXJhdG9yX3BlZGFsX3Bvc2l0aW9uX2RfcGVyX2VfcGVyX2ZfcGN0IiwiY29udHJpYnV0aW9uIjowLjI3NjczNjI3Nzk1ODQ0MjM2fSx7ImZlYXR1cmUiOiJhaXJfZnVlbF9yYXRpb19tZWFzdXJlZCIsImNvbnRyaWJ1dGlvbiI6MC4yNzU4NTM5OTcwNjE5NzQ5fV0=,2024-07-05,327e0f7938dfa68897a0930c6820de06547a81536bf2b9e26cb9b0db5fd9507c
bffe97ceb56b4455,sim001,transmission,2024-07-05T14:24:07+00:00,2024-07-05T14:25:45+00:00,98,25,0.6352291262109084,0.5388643786674685,1,anomaly,W3siZmVhdHVyZSI6ImFjY2VsZXJhdG9yX3BlZGFsX3Bvc2l0aW9uX2RfcGVyX2VfcGVyX2ZfcGN0IiwiY29udHJpYnV0aW9uIjowLjEzMzc3MDU4ODE0MzExODQ2fSx7ImZlYXR1cmUiOiJkcml2ZXJfZGVtYW5kX2VuZ2luZV9wY3RfdG9ycXVlIiwiY29udHJpYnV0aW9uIjowLjEyODM3NDkxNDc5MDMwODgzfSx7ImZlYXR1cmUiOiJhaXJfZnVlbF9yYXRpb19tZWFzdXJlZCIsImNvbnRyaWJ1dGlvbiI6MC4wNjQ1OTIzNTgwODI0MzQzfV0=,2024-07-05,d90057859169628789f2f262a1f60081d9766f6cb4f78cfca2890a3a32843a67
5404b74d7b2b4a92,sim001,transmission,2024-07-05T14:26:55+00:00,2024-07-05T14:29:20+00:00,145,29,0.6426506407406827,0.5296885795774212,1,anomaly,W3siZmVhdHVyZSI6ImFpcl9mdWVsX3JhdGlvX21lYXN1cmVkIiwiY29udHJpYnV0aW9uIjowLjIwNTIxODYwMDcyNDA1NTR9LHsiZmVhdHVyZSI6ImFpcl9mdWVsX3JhdGlvX2NvbW1hbmRlZCIsImNvbnRyaWJ1dGlvbiI6MC4xOTk5MjU1NTg4Mjk0MzE2NH0seyJmZWF0dXJlIjoiZHJpdmVyX2RlbWFuZF9lbmdpbmVfcGN0X3RvcnF1ZSIsImNvbnRyaWJ1dGlvbiI6MC4xMDM3OTk4MjIwMjU1MjA4NX1d,2024-07-05,77ff73db7228464a883357a1865329465159947d5956dc0919690c4ce731f47b
29f474571278436c,sim001,transmission,2024-07-05T14:30:21+00:00,2024-07-05T14:34:02+00:00,221,62,0.6786239524970061,0.5496488844203616,1,anomaly,W3siZmVhdHVyZSI6ImFpcl9mdWVsX3JhdGlvX2NvbW1hbmRlZCIsImNvbnRyaWJ1dGlvbiI6MC4yNTAyOTc3OTYzOTU2NjM4NX0seyJmZWF0dXJlIjoiZW5naW5lX3JlZmVyZW5jZV90b3JxdWVfbm0iLCJjb250cmlidXRpb24iOjAuMjIzMTQwNTk4ODUyNDIzMX0seyJmZWF0dXJlIjoiYWlyX2Z1ZWxfcmF0aW9fbWVhc3VyZWQiLCJjb250cmlidXRpb24iOjAuMjEzOTUzMDM3MDkwMDU5NDd9XQ==,2024-07-05,eb9c225cfaa9df47138ad52c9f4d1c3047a62458d6a248ce5f4f763ebe1086ce
a1a09468d9fa44c5,sim001,transmission,2024-07-05T14:35:06+00:00,2024-07-05T16:07:38+00:00,5552,2932,0.7685518152374289,0.5480112872950265,1,anomaly,W3siZmVhdHVyZSI6ImFpcl9mdWVsX3JhdGlvX2NvbW1hbmRlZCIsImNvbnRyaWJ1dGlvbiI6MC43MTgxNTA4NDgwNzc5NDI0fSx7ImZlYXR1cmUiOiJnZWFyX3Bvc2l0aW9uX2FjdHVhbCIsImNvbnRyaWJ1dGlvbiI6MC42NDkwMDE2NzI4NjM5NjAzfSx7ImZlYXR1cmUiOiJhY2NlbGVyYXRvcl9wZWRhbF9wb3NpdGlvbl9kX3Blcl9lX3Blcl9mX3BjdCIsImNvbnRyaWJ1dGlvbiI6MC40NTc2MTU5MjYzNDc5MzAxNH1d,2024-07-05,093eace6d608c085b981d2b76ff9eac961a0f3f4cdae5325fc06f2bef2814864
d7a85a79ab4d4f65,sim001,transmission,2024-07-05T16:08:46+00:00,2024-07-05T16:12:08+00:00,202,202,0.5838465656626454,0.5481555406802257,1,anomaly,W3siZmVhdHVyZSI6ImRyaXZlcl9kZW1hbmRfZW5naW5lX3BjdF90b3JxdWUiLCJjb250cmlidXRpb24iOjAuNDU2NDY1MzA3MTMyMjE4M30seyJmZWF0dXJlIjoiZ2Vhcl9jb21tYW5kZWRfdGFyZ2V0IiwiY29udHJpYnV0aW9uIjowLjQ1NTE1NDEyMDkyMjA4ODZ9LHsiZmVhdHVyZSI6ImdlYXJfcG9zaXRpb25fYWN0dWFsIiwiY29udHJpYnV0aW9uIjowLjQ1MjAwNjc4NzA2MTY5MTN9XQ==,2024-07-05,c6e63644e02f939d49201c5e92e327e00e1c2448c1a73a69ec060cd2ac7ed17c
6b9820585a194f3a,sim001,tyre,2024-07-05T07:22:11+00:00,2024-07-05T16:12:08+00:00,31797,31797,0.9148526718024546,0.618824167958234,1,anomaly,W3siZmVhdHVyZSI6ImFjY2VsX3lfZ190eXJlIiwiY29udHJpYnV0aW9uIjoyLjM5NDMxMDI4MzY2MDg4ODV9LHsiZmVhdHVyZSI6Inlhd19yYXRlIiwiY29udHJpYnV0aW9uIjoyLjEzMDU1NjEyMTk5NDUxMn0seyJmZWF0dXJlIjoidHlyZV9sb2FkX3JyX24iLCJjb250cmlidXRpb24iOjEuODYyMjc4OTI0MzY5Mjg4NX1d,2024-07-05,1b14ae40409e9bfea2a2f25b3319769e73b5d582315e0a34b6a08bcd77096593
